sector,south_lat,north_lat,west_lon,east_lon,geojson
"sector 1, Gurugram, Haryana, India",28.3485815,28.3716597,76.9400968,76.9592194,"{'type': 'Polygon', 'coordinates': [[[76.9400968, 28.3601533], [76.9430168, 28.3602832], [76.9430178, 28.3563496], [76.9450411, 28.3564303], [76.9453702, 28.3516736], [76.9467722, 28.3517439], [76.9468639, 28.3485815], [76.9479303, 28.3491827], [76.948692, 28.3496209], [76.9508777, 28.3506047], [76.9509185, 28.3502756], [76.9521781, 28.3503463], [76.9521288, 28.3513216], [76.9533083, 28.3519209], [76.9567771, 28.3543183], [76.9567757, 28.3548492], [76.9592194, 28.3550367], [76.9585831, 28.3554094], [76.9582284, 28.3556912], [76.9576347, 28.3562547], [76.9573267, 28.356607], [76.9573246, 28.3565013], [76.9561191, 28.3564473], [76.9561195, 28.3569945], [76.9571494, 28.3570005], [76.9552684, 28.3585701], [76.9545178, 28.3591334], [76.9542382, 28.3594186], [76.9537915, 28.3600506], [76.9532313, 28.3605505], [76.9527433, 28.3614269], [76.9525249, 28.3622109], [76.9523877, 28.3636001], [76.9522603, 28.3643684], [76.9523001, 28.3651476], [76.9523096, 28.3655348], [76.9516565, 28.3665591], [76.9516175, 28.3671617], [76.9522659, 28.3687944], [76.9515171, 28.3693086], [76.948573, 28.3709873], [76.9471551, 28.3716597], [76.9460385, 28.3711278], [76.945236, 28.370805], [76.9445253, 28.37022], [76.9440438, 28.3695744], [76.943505, 28.3683034], [76.9426921, 28.3663127], [76.9419459, 28.3645712], [76.9400968, 28.3601533]]]}"
"sector 2, Gurugram, Haryana, India",28.5021117,28.5148941,77.0246723,77.0417925,"{'type': 'Polygon', 'coordinates': [[[77.0246723, 28.5050072], [77.028583, 28.5023417], [77.0287828, 28.5021117], [77.0299593, 28.5028198], [77.0313775, 28.5032711], [77.0317307, 28.5033219], [77.0328757, 28.5034864], [77.0337888, 28.5034954], [77.0350815, 28.5035081], [77.0358487, 28.5035567], [77.036036, 28.5035686], [77.036134, 28.5035748], [77.0362827, 28.5037144], [77.0373702, 28.5050368], [77.0380976, 28.505907], [77.0386085, 28.5065152], [77.0389255, 28.5068926], [77.0394542, 28.5074926], [77.0404125, 28.5085831], [77.0417925, 28.5101533], [77.0403999, 28.5106473], [77.0383299, 28.5122747], [77.0355656, 28.5141778], [77.03461, 28.5148941], [77.0326049, 28.5144708], [77.0269322, 28.5078503], [77.0251016, 28.5055276], [77.0246723, 28.5050072]]]}"
"sector 3, Gurugram, Haryana, India",28.4807364,28.5050072,77.0109259,77.0287828,"{'type': 'Polygon', 'coordinates': [[[77.0109259, 28.4886735], [77.0109952, 28.4885202], [77.0125245, 28.4851382], [77.0145164, 28.4807364], [77.0159596, 28.4812152], [77.0182265, 28.4847522], [77.0197414, 28.4854609], [77.0198358, 28.4884487], [77.0197736, 28.4893743], [77.0197199, 28.4904021], [77.0197086, 28.4905109], [77.0196641, 28.4909381], [77.0196937, 28.4918752], [77.0197718, 28.492776], [77.0200421, 28.4938902], [77.0203143, 28.4945172], [77.0208937, 28.4952809], [77.0215741, 28.4961561], [77.0222133, 28.4969782], [77.0224956, 28.4972934], [77.023048, 28.4979102], [77.0236939, 28.4984019], [77.0247275, 28.4990952], [77.0250318, 28.4993556], [77.0261739, 28.5002066], [77.0265895, 28.5004621], [77.0271299, 28.5008401], [77.0275848, 28.5011891], [77.0276614, 28.5012252], [77.0287828, 28.5021117], [77.028583, 28.5023417], [77.0246723, 28.5050072], [77.0181865, 28.4973408], [77.0165107, 28.4953561], [77.0146077, 28.4930791], [77.0109259, 28.4886735]]]}"
"sector 4, Gurugram, Haryana, India",28.4688345,28.4807364,77.0019787,77.0179221,"{'type': 'Polygon', 'coordinates': [[[77.0019787, 28.4764407], [77.0054286, 28.4688345], [77.0112368, 28.4710876], [77.0179221, 28.4736808], [77.0145164, 28.4807364], [77.0019787, 28.4764407]]]}"
"sector 5, Gurugram, Haryana, India",28.3647873,28.3722399,76.9194192,76.9340449,"{'type': 'Polygon', 'coordinates': [[[76.9194192, 28.3650106], [76.9339491, 28.3647873], [76.9340243, 28.3696969], [76.9340319, 28.3698896], [76.9340449, 28.3720517], [76.9195428, 28.3722399], [76.9194192, 28.3650106]]]}"
"sector 6, Gurugram, Haryana, India",28.4677037,28.4814427,77.0179221,77.0320237,"{'type': 'Polygon', 'coordinates': [[[77.0179221, 28.4736808], [77.0221822, 28.4708631], [77.0231263, 28.4702426], [77.0267023, 28.4677037], [77.0279168, 28.4702681], [77.0290733, 28.4733511], [77.0296069, 28.4743603], [77.0297814, 28.4746904], [77.0311118, 28.4766142], [77.0320237, 28.4787385], [77.030275, 28.4792926], [77.0274211, 28.4799715], [77.0252539, 28.4805751], [77.023387, 28.4814427], [77.0179221, 28.4736808]]]}"
"sector 7, Gurugram, Haryana, India",28.4570389,28.4736808,77.0054286,77.0231263,"{'type': 'Polygon', 'coordinates': [[[77.0054286, 28.4688345], [77.0108667, 28.4573918], [77.0110296, 28.4571011], [77.0126817, 28.4570424], [77.0130315, 28.457042], [77.0157669, 28.4570389], [77.0172995, 28.4588395], [77.0178518, 28.4602182], [77.0178941, 28.4603238], [77.0187962, 28.4632773], [77.0205224, 28.4664031], [77.0207435, 28.4667789], [77.0216179, 28.4691939], [77.0218517, 28.4694042], [77.0231263, 28.4702426], [77.0221822, 28.4708631], [77.0179221, 28.4736808], [77.0112368, 28.4710876], [77.0054286, 28.4688345]]]}"
"sector 8, Gurugram, Haryana, India",28.4456778,28.4667789,77.0027691,77.0264490,"{'type': 'Polygon', 'coordinates': [[[77.0027691, 28.4509323], [77.0028088, 28.4509119], [77.0047874, 28.4498314], [77.0051289, 28.4496326], [77.007101, 28.4485452], [77.0077643, 28.4482209], [77.0084704, 28.4478754], [77.0129637, 28.4456778], [77.0210127, 28.4544174], [77.0213848, 28.4548249], [77.0237025, 28.4573634], [77.0250801, 28.4581859], [77.026449, 28.4593446], [77.0226489, 28.4630057], [77.0207435, 28.4667789], [77.0205224, 28.4664031], [77.0187962, 28.4632773], [77.0178941, 28.4603238], [77.0178518, 28.4602182], [77.0172995, 28.4588395], [77.0157669, 28.4570389], [77.0149778, 28.4563842], [77.0141624, 28.4550259], [77.0132826, 28.4541959], [77.0113514, 28.4534035], [77.0102356, 28.4532148], [77.009034, 28.4530451], [77.0059556, 28.4517094], [77.0044635, 28.4513094], [77.0032404, 28.4511207], [77.0027691, 28.4509323]]]}"
"sector 9, Gurugram, Haryana, India",28.3799132,28.3871405,76.8787979,76.8934127,"{'type': 'Polygon', 'coordinates': [[[76.8787979, 28.3801257], [76.8932719, 28.3799132], [76.8934127, 28.3868253], [76.8790219, 28.3871405], [76.8788102, 28.3813718], [76.8787979, 28.3801257]]]}"
"sector 10, Gurugram, Haryana, India",28.4358808,28.4509323,76.9972285,77.0175083,"{'type': 'Polygon', 'coordinates': [[[76.9972285, 28.4483074], [76.9982421, 28.4464881], [76.9995911, 28.4440701], [77.0001506, 28.4434109], [77.0009331, 28.4425741], [77.0022039, 28.4411764], [77.0060488, 28.4383915], [77.0074539, 28.4375406], [77.009322, 28.436365], [77.0101187, 28.4358808], [77.0144701, 28.4410997], [77.0175083, 28.4439405], [77.0140637, 28.4451108], [77.0129637, 28.4456778], [77.0084704, 28.4478754], [77.0077643, 28.4482209], [77.007101, 28.4485452], [77.0051289, 28.4496326], [77.0047874, 28.4498314], [77.0028088, 28.4509119], [77.0027691, 28.4509323], [76.9991994, 28.4491782], [76.9972285, 28.4483074]]]}"
"sector 10a, Gurugram, Haryana, India",28.4358808,28.4509323,76.9972285,77.0175083,"{'type': 'Polygon', 'coordinates': [[[76.9972285, 28.4483074], [76.9982421, 28.4464881], [76.9995911, 28.4440701], [77.0001506, 28.4434109], [77.0009331, 28.4425741], [77.0022039, 28.4411764], [77.0060488, 28.4383915], [77.0074539, 28.4375406], [77.009322, 28.436365], [77.0101187, 28.4358808], [77.0144701, 28.4410997], [77.0175083, 28.4439405], [77.0140637, 28.4451108], [77.0129637, 28.4456778], [77.0084704, 28.4478754], [77.0077643, 28.4482209], [77.007101, 28.4485452], [77.0051289, 28.4496326], [77.0047874, 28.4498314], [77.0028088, 28.4509119], [77.0027691, 28.4509323], [76.9991994, 28.4491782], [76.9972285, 28.4483074]]]}"
"sector 11, Gurugram, Haryana, India",28.3590267,28.3957333,76.8696144,76.8796311,"{'type': 'Polygon', 'coordinates': [[[76.8696144, 28.3854157], [76.8698757, 28.3834975], [76.8727612, 28.3761601], [76.8740926, 28.3701919], [76.8760385, 28.3636109], [76.8771301, 28.3611083], [76.8779732, 28.3590267], [76.8786654, 28.3693686], [76.8787979, 28.3801257], [76.8788102, 28.3813718], [76.8790219, 28.3871405], [76.8796311, 28.3957333], [76.8696144, 28.3854157]]]}"
"sector 12, Gurugram, Haryana, India",28.3867902,28.4015516,76.8933025,76.9098897,"{'type': 'Polygon', 'coordinates': [[[76.8933025, 28.4015516], [76.8934798, 28.3956132], [76.8934304, 28.3892089], [76.8934127, 28.3868253], [76.9098897, 28.3867902], [76.8933025, 28.4015516]]]}"
"sector 13, Gurugram, Haryana, India",28.4683624,28.4815300,77.0296069,77.0494004,"{'type': 'Polygon', 'coordinates': [[[77.0296069, 28.4743603], [77.0302433, 28.4738979], [77.0378622, 28.4683624], [77.0429769, 28.47403], [77.0463887, 28.4778778], [77.0490452, 28.4809201], [77.0494004, 28.4814748], [77.0473136, 28.48153], [77.0447602, 28.4809547], [77.0425715, 28.4804077], [77.0409922, 28.4797948], [77.0378937, 28.4788611], [77.0358552, 28.4784462], [77.0342244, 28.478333], [77.0329241, 28.4785311], [77.0320237, 28.4787385], [77.0311118, 28.4766142], [77.0297814, 28.4746904], [77.0296069, 28.4743603]]]}"
"sector 14, Gurugram, Haryana, India",28.4537840,28.4937840,77.0271827,77.0671827,"{'type': 'Point', 'coordinates': [77.0471827, 28.473784]}"
"sector 15, Gurugram, Haryana, India",28.3794851,28.3867902,76.9096825,76.9240718,"{'type': 'Polygon', 'coordinates': [[[76.9096825, 28.3797241], [76.9196319, 28.379589], [76.9240718, 28.3794851], [76.9234356, 28.3798095], [76.9212602, 28.3809188], [76.9197016, 28.381696], [76.919406, 28.3818495], [76.9098897, 28.3867902], [76.9096825, 28.3797241]]]}"
"sector 16, Gurugram, Haryana, India",28.4628761,28.4734241,77.0439461,77.0574099,"{'type': 'Polygon', 'coordinates': [[[77.0439461, 28.4684192], [77.0473091, 28.4668077], [77.0504737, 28.4645254], [77.0506253, 28.4644161], [77.0520387, 28.4633968], [77.0528316, 28.4628761], [77.053243, 28.4634025], [77.0574099, 28.4687352], [77.0571194, 28.4692788], [77.0570138, 28.4703021], [77.0567859, 28.4712628], [77.0562147, 28.4724471], [77.0554358, 28.4734241], [77.0535205, 28.4726016], [77.0524742, 28.4722068], [77.0512071, 28.4717616], [77.050005, 28.471356], [77.0492354, 28.4710512], [77.0485843, 28.470762], [77.0485234, 28.4707445], [77.0458308, 28.4697483], [77.0439461, 28.4684192]]]}"
"sector 17, Gurugram, Haryana, India",28.4687352,28.4850655,77.0534223,77.0704200,"{'type': 'Polygon', 'coordinates': [[[77.0534223, 28.4758626], [77.0554358, 28.4734241], [77.0562147, 28.4724471], [77.0567859, 28.4712628], [77.0570138, 28.4703021], [77.0571194, 28.4692788], [77.0574099, 28.4687352], [77.0590178, 28.4700328], [77.0614642, 28.471959], [77.0684495, 28.4774587], [77.07042, 28.47911], [77.0620074, 28.4850655], [77.0609084, 28.483721], [77.0632709, 28.4825281], [77.0655958, 28.4793458], [77.0672907, 28.4791774], [77.068271, 28.477646], [77.0649386, 28.4768981], [77.0638456, 28.4767412], [77.0637596, 28.4772834], [77.0635986, 28.4784523], [77.0642418, 28.4795453], [77.0629007, 28.4803092], [77.0614416, 28.4806769], [77.0597041, 28.481272], [77.0588672, 28.4817907], [77.0547044, 28.4772834], [77.0543391, 28.4765275], [77.0534223, 28.4758626]]]}"
"sector 17a, Gurugram, Haryana, India",28.4008281,28.4240826,77.0000093,77.0196986,"{'type': 'Polygon', 'coordinates': [[[77.0000093, 28.4023072], [77.0092134, 28.4008281], [77.0092837, 28.4009686], [77.0094932, 28.4013872], [77.009756, 28.4019122], [77.0106152, 28.4036287], [77.0111553, 28.4046987], [77.0116085, 28.4046678], [77.0124051, 28.4046717], [77.0123961, 28.405245], [77.0131865, 28.4052449], [77.0131993, 28.4057854], [77.0121029, 28.4058159], [77.0116947, 28.4059308], [77.0162375, 28.414912], [77.0196986, 28.4220077], [77.0159279, 28.4240826], [77.0141684, 28.4220315], [77.0126127, 28.421315], [77.0120198, 28.4211561], [77.0108877, 28.4209609], [77.0087976, 28.4159314], [77.007613, 28.4129635], [77.0062662, 28.409589], [77.005537, 28.4085894], [77.0046285, 28.4079685], [77.0034301, 28.4069305], [77.0029236, 28.4065474], [77.0025086, 28.4061325], [77.0021452, 28.4057082], [77.0015453, 28.4050125], [77.0010017, 28.4042588], [77.0002669, 28.4029935], [77.0000093, 28.4023072]]]}"
"sector 17b, Gurugram, Haryana, India",28.4008281,28.4240826,77.0000093,77.0196986,"{'type': 'Polygon', 'coordinates': [[[77.0000093, 28.4023072], [77.0092134, 28.4008281], [77.0092837, 28.4009686], [77.0094932, 28.4013872], [77.009756, 28.4019122], [77.0106152, 28.4036287], [77.0111553, 28.4046987], [77.0116085, 28.4046678], [77.0124051, 28.4046717], [77.0123961, 28.405245], [77.0131865, 28.4052449], [77.0131993, 28.4057854], [77.0121029, 28.4058159], [77.0116947, 28.4059308], [77.0162375, 28.414912], [77.0196986, 28.4220077], [77.0159279, 28.4240826], [77.0141684, 28.4220315], [77.0126127, 28.421315], [77.0120198, 28.4211561], [77.0108877, 28.4209609], [77.0087976, 28.4159314], [77.007613, 28.4129635], [77.0062662, 28.409589], [77.005537, 28.4085894], [77.0046285, 28.4079685], [77.0034301, 28.4069305], [77.0029236, 28.4065474], [77.0025086, 28.4061325], [77.0021452, 28.4057082], [77.0015453, 28.4050125], [77.0010017, 28.4042588], [77.0002669, 28.4029935], [77.0000093, 28.4023072]]]}"
"sector 18, Gurugram, Haryana, India",28.4791100,28.5036859,77.0561443,77.0862237,"{'type': 'Polygon', 'coordinates': [[[77.0561443, 28.4891479], [77.0587342, 28.4873439], [77.0620074, 28.4850655], [77.07042, 28.47911], [77.0711389, 28.4797906], [77.0862237, 28.4950144], [77.0856701, 28.4958522], [77.079202, 28.5008834], [77.0765737, 28.5005817], [77.0753648, 28.5006701], [77.0730631, 28.5009648], [77.0719207, 28.5014868], [77.0687536, 28.5036859], [77.0680704, 28.5028326], [77.0679263, 28.5026653], [77.0633194, 28.4970534], [77.0604882, 28.4939341], [77.0561443, 28.4891479]]]}"
"sector 19, Gurugram, Haryana, India",28.4950144,28.5119073,77.0687536,77.0916743,"{'type': 'Polygon', 'coordinates': [[[77.0687536, 28.5036859], [77.0719207, 28.5014868], [77.0730631, 28.5009648], [77.0753648, 28.5006701], [77.0765737, 28.5005817], [77.079202, 28.5008834], [77.0856701, 28.4958522], [77.0862237, 28.4950144], [77.0864238, 28.4952403], [77.0880312, 28.4969849], [77.0893749, 28.4984433], [77.0916743, 28.5009315], [77.0911395, 28.5012251], [77.083368, 28.506939], [77.07916, 28.5100327], [77.0774536, 28.5112873], [77.0764205, 28.511393], [77.0763485, 28.5114004], [77.0761245, 28.5114603], [77.0746225, 28.5119073], [77.074278, 28.5111214], [77.0740678, 28.5104203], [77.0714703, 28.5067703], [77.0687536, 28.5036859]]]}"
"sector 20, Gurugram, Haryana, India",28.5009315,28.5180224,77.0746225,77.0954820,"{'type': 'Polygon', 'coordinates': [[[77.0746225, 28.5119073], [77.0761245, 28.5114603], [77.0763485, 28.5114004], [77.0764205, 28.511393], [77.0774536, 28.5112873], [77.07916, 28.5100327], [77.083368, 28.506939], [77.0911395, 28.5012251], [77.0916743, 28.5009315], [77.0919011, 28.5010754], [77.0930223, 28.5020237], [77.0930397, 28.502044], [77.0951239, 28.5051167], [77.095482, 28.5069595], [77.0932423, 28.5109928], [77.092899, 28.5121524], [77.0925943, 28.5142311], [77.0859574, 28.5161025], [77.0846262, 28.5164992], [77.0840906, 28.5166587], [77.0830606, 28.5169698], [77.0827494, 28.5170898], [77.0804111, 28.5180224], [77.0800435, 28.5175646], [77.0795515, 28.5169518], [77.0787666, 28.5162284], [77.0781524, 28.5157087], [77.0769495, 28.5145122], [77.0749677, 28.5125409], [77.0746225, 28.5119073]]]}"
"sector 21, Gurugram, Haryana, India",28.5067703,28.5202589,77.0664100,77.0804111,"{'type': 'Polygon', 'coordinates': [[[77.06641, 28.5114759], [77.0691332, 28.5086919], [77.0714703, 28.5067703], [77.0740678, 28.5104203], [77.074278, 28.5111214], [77.0746225, 28.5119073], [77.0749677, 28.5125409], [77.0769495, 28.5145122], [77.0781524, 28.5157087], [77.0787666, 28.5162284], [77.0795515, 28.5169518], [77.0800435, 28.5175646], [77.0804111, 28.5180224], [77.079283, 28.5181781], [77.0791964, 28.5181891], [77.0774387, 28.5184405], [77.075014, 28.5187138], [77.0747744, 28.5188088], [77.0744668, 28.5189307], [77.073365, 28.5195071], [77.0723002, 28.5202589], [77.0722213, 28.5201457], [77.0720942, 28.5193619], [77.0713662, 28.5175938], [77.0709886, 28.5170499], [77.0688651, 28.5145822], [77.067616, 28.5129745], [77.0671624, 28.5119289], [77.06641, 28.5114759]]]}"
"sector 22, Gurugram, Haryana, India",28.4970534,28.5114759,77.0575714,77.0714703,"{'type': 'Polygon', 'coordinates': [[[77.0575714, 28.5025964], [77.0633194, 28.4970534], [77.0679263, 28.5026653], [77.0680704, 28.5028326], [77.0687536, 28.5036859], [77.0714703, 28.5067703], [77.0691332, 28.5086919], [77.06641, 28.5114759], [77.0627451, 28.509366], [77.06241, 28.5090521], [77.0617448, 28.508345], [77.0575714, 28.5025964]]]}"
"sector 23, Gurugram, Haryana, India",28.5025964,28.5166427,77.0417925,77.0671624,"{'type': 'Polygon', 'coordinates': [[[77.0417925, 28.5101533], [77.0450581, 28.5090148], [77.0508529, 28.5069954], [77.0532711, 28.5054636], [77.05373, 28.5051731], [77.0556084, 28.5039841], [77.0565635, 28.5033785], [77.0575714, 28.5025964], [77.0617448, 28.508345], [77.06241, 28.5090521], [77.0627451, 28.509366], [77.06641, 28.5114759], [77.0671624, 28.5119289], [77.0653494, 28.5125045], [77.0645251, 28.5126891], [77.0633996, 28.5126665], [77.0612165, 28.512224], [77.0606606, 28.5122555], [77.0577011, 28.5127924], [77.0575428, 28.5128211], [77.0543531, 28.5143512], [77.0491721, 28.5160453], [77.0462065, 28.5166427], [77.0449278, 28.5139512], [77.0447952, 28.5136812], [77.0433931, 28.5120836], [77.0422628, 28.5107696], [77.0417925, 28.5101533]]]}"
"sector 24, Gurugram, Haryana, India",28.4815648,28.5070803,77.0909397,77.1195070,"{'type': 'Polygon', 'coordinates': [[[77.0909397, 28.4885405], [77.0918386, 28.488012], [77.0925233, 28.4876094], [77.0933972, 28.4872698], [77.0943652, 28.4866963], [77.0947991, 28.4863301], [77.09517, 28.4856695], [77.0951416, 28.4850694], [77.0973411, 28.483764], [77.0984918, 28.4829639], [77.0991756, 28.4825278], [77.0995605, 28.4822317], [77.1003934, 28.4818535], [77.1046912, 28.4819958], [77.1074592, 28.4823919], [77.1080804, 28.4823382], [77.109443, 28.4819138], [77.1143393, 28.4817321], [77.1150614, 28.4815648], [77.1167211, 28.4850054], [77.1176759, 28.4869846], [77.119507, 28.495139], [77.1124785, 28.4984532], [77.1101397, 28.4993961], [77.1053975, 28.5013384], [77.1037667, 28.5024887], [77.1023081, 28.5031016], [77.1000336, 28.5038653], [77.0976518, 28.5048552], [77.0957528, 28.5070803], [77.095482, 28.5069595], [77.0951239, 28.5051167], [77.0930397, 28.502044], [77.0930223, 28.5020237], [77.0967118, 28.4996859], [77.0971152, 28.4988118], [77.0954718, 28.4962687], [77.0911929, 28.4896466], [77.0909397, 28.4885405]]]}"
"sector 25, Gurugram, Haryana, India",28.4774587,28.4950144,77.0684495,77.0951700,"{'type': 'Polygon', 'coordinates': [[[77.0684495, 28.4774587], [77.0715635, 28.478064], [77.0783113, 28.4789987], [77.0797363, 28.4791961], [77.0817193, 28.4794708], [77.0874271, 28.4803435], [77.0891544, 28.4802629], [77.0934352, 28.48114], [77.094632, 28.4814775], [77.094807, 28.4827111], [77.0951416, 28.4850694], [77.09517, 28.4856695], [77.0947991, 28.4863301], [77.0943652, 28.4866963], [77.0933972, 28.4872698], [77.0925233, 28.4876094], [77.0918386, 28.488012], [77.0909397, 28.4885405], [77.0903827, 28.4888731], [77.0898571, 28.4892103], [77.0890042, 28.4897688], [77.0881996, 28.4910889], [77.0879743, 28.4918244], [77.0876846, 28.4927202], [77.0865356, 28.4943884], [77.0862237, 28.4950144], [77.0711389, 28.4797906], [77.07042, 28.47911], [77.0684495, 28.4774587]]]}"
"sector 26, Gurugram, Haryana, India",28.4679478,28.4850694,77.0937546,77.1106768,"{'type': 'Polygon', 'coordinates': [[[77.0937546, 28.478914], [77.0939123, 28.4788697], [77.0966183, 28.4773679], [77.0985271, 28.4760027], [77.0988451, 28.4757718], [77.1015129, 28.473832], [77.101991, 28.4734047], [77.1042807, 28.4707979], [77.1067522, 28.4689558], [77.1079869, 28.4679478], [77.1082521, 28.4685031], [77.109046, 28.4692859], [77.1090138, 28.4704082], [77.1091437, 28.4714239], [77.1096576, 28.4722284], [77.1102691, 28.473247], [77.1105695, 28.4738694], [77.1106768, 28.4743976], [77.1105803, 28.4748691], [77.1096468, 28.4789998], [77.1097005, 28.4797825], [77.1098185, 28.4804144], [77.1099687, 28.4813763], [77.109443, 28.4819138], [77.1080804, 28.4823382], [77.1074592, 28.4823919], [77.1046912, 28.4819958], [77.1003934, 28.4818535], [77.0995605, 28.4822317], [77.0991756, 28.4825278], [77.0984918, 28.4829639], [77.0973411, 28.483764], [77.0951416, 28.4850694], [77.094807, 28.4827111], [77.094632, 28.4814775], [77.0943153, 28.4797448], [77.0937546, 28.478914]]]}"
"sector 27, Gurugram, Haryana, India",28.4446566,28.4846566,77.0639505,77.1039505,"{'type': 'Point', 'coordinates': [77.0839505, 28.4646566]}"
"sector 28, Gurugram, Haryana, India",28.4679062,28.4814775,77.0715635,77.0946320,"{'type': 'Polygon', 'coordinates': [[[77.0715635, 28.478064], [77.0723018, 28.4740158], [77.072404, 28.4734557], [77.0725126, 28.4728602], [77.0727393, 28.4716173], [77.0731216, 28.4695211], [77.07311, 28.4679062], [77.0741716, 28.4679182], [77.0796633, 28.4679529], [77.086146, 28.4680042], [77.0881372, 28.4680038], [77.0917781, 28.4679831], [77.0943485, 28.4679685], [77.0940191, 28.4699817], [77.0940064, 28.4703349], [77.0939645, 28.4713108], [77.0939151, 28.4719411], [77.0938061, 28.4779298], [77.0937546, 28.478914], [77.0943153, 28.4797448], [77.094632, 28.4814775], [77.0934352, 28.48114], [77.0891544, 28.4802629], [77.0874271, 28.4803435], [77.0817193, 28.4794708], [77.0797363, 28.4791961], [77.0783113, 28.4789987], [77.0715635, 28.478064]]]}"
"sector 29, Gurugram, Haryana, India",28.4580915,28.4780640,77.0574099,77.0741115,"{'type': 'Polygon', 'coordinates': [[[77.0574099, 28.4687352], [77.0579091, 28.4682387], [77.0584506, 28.4679719], [77.0591825, 28.4676332], [77.0605008, 28.4666382], [77.0639896, 28.4639585], [77.0684497, 28.4605473], [77.0716604, 28.4580915], [77.0741115, 28.4588488], [77.0740865, 28.4596576], [77.0740668, 28.4606563], [77.0739458, 28.461676], [77.073254, 28.4670235], [77.07311, 28.4679062], [77.0731216, 28.4695211], [77.0727393, 28.4716173], [77.0725126, 28.4728602], [77.072404, 28.4734557], [77.0723018, 28.4740158], [77.0715635, 28.478064], [77.0684495, 28.4774587], [77.0614642, 28.471959], [77.0590178, 28.4700328], [77.0574099, 28.4687352]]]}"
"sector 30, Gurugram, Haryana, India",28.4558177,28.4687352,77.0497732,77.0639896,"{'type': 'Polygon', 'coordinates': [[[77.0497732, 28.4595874], [77.0502337, 28.4591683], [77.0531088, 28.4570036], [77.0551782, 28.4563328], [77.0559905, 28.4558177], [77.0606103, 28.4605194], [77.0627821, 28.4627296], [77.0639896, 28.4639585], [77.0605008, 28.4666382], [77.0591825, 28.4676332], [77.0584506, 28.4679719], [77.0579091, 28.4682387], [77.0574099, 28.4687352], [77.053243, 28.4634025], [77.0528316, 28.4628761], [77.0497732, 28.4595874]]]}"
"sector 31, Gurugram, Haryana, India",28.4462503,28.4595874,77.0419032,77.0566718,"{'type': 'Polygon', 'coordinates': [[[77.0419032, 28.4518372], [77.0476423, 28.4462503], [77.0508629, 28.4491446], [77.0566718, 28.455305], [77.0559905, 28.4558177], [77.0551782, 28.4563328], [77.0531088, 28.4570036], [77.0502337, 28.4591683], [77.0497732, 28.4595874], [77.0419032, 28.4518372]]]}"
"sector 32, Gurugram, Haryana, India",28.4404721,28.4518372,77.0358890,77.0476423,"{'type': 'Polygon', 'coordinates': [[[77.035889, 28.4460043], [77.0367344, 28.4444865], [77.0371525, 28.4437359], [77.0414743, 28.4404721], [77.0470802, 28.4461172], [77.0476423, 28.4462503], [77.0419032, 28.4518372], [77.0378856, 28.4476077], [77.035889, 28.4460043]]]}"
"sector 33, Gurugram, Haryana, India",28.4262264,28.4478757,77.0101187,77.0370191,"{'type': 'Polygon', 'coordinates': [[[77.0101187, 28.4358808], [77.0141524, 28.4332276], [77.0165188, 28.4316848], [77.0166281, 28.4316096], [77.0171298, 28.4312509], [77.0185663, 28.4302836], [77.0186003, 28.4302654], [77.0202659, 28.4292708], [77.0211742, 28.4286518], [77.0220132, 28.427718], [77.0244887, 28.4263441], [77.0254603, 28.4262264], [77.0267289, 28.4262539], [77.0362669, 28.4284369], [77.0370191, 28.428612], [77.0368346, 28.4292604], [77.0367248, 28.4295804], [77.0363093, 28.4309601], [77.0362608, 28.4311211], [77.0360441, 28.4320391], [77.0357812, 28.433805], [77.0353788, 28.4352673], [77.0351195, 28.4359235], [77.0347588, 28.4373636], [77.034585, 28.438225], [77.0344439, 28.4391863], [77.0344062, 28.4394779], [77.0336801, 28.4455947], [77.0320366, 28.4453475], [77.0284961, 28.4463475], [77.0239042, 28.4477248], [77.0223807, 28.4478757], [77.0215224, 28.4477625], [77.0204495, 28.4472531], [77.0195268, 28.4463664], [77.0175083, 28.4439405], [77.0144701, 28.4410997], [77.0101187, 28.4358808]]]}"
"sector 34, Gurugram, Haryana, India",28.4209609,28.4358808,77.0003673,77.0202659,"{'type': 'Polygon', 'coordinates': [[[77.0003673, 28.4242183], [77.0108877, 28.4209609], [77.0120198, 28.4211561], [77.0126127, 28.421315], [77.0141684, 28.4220315], [77.0159279, 28.4240826], [77.0202659, 28.4292708], [77.0186003, 28.4302654], [77.0185663, 28.4302836], [77.0171298, 28.4312509], [77.0166281, 28.4316096], [77.0165188, 28.4316848], [77.0141524, 28.4332276], [77.0101187, 28.4358808], [77.0065073, 28.4315906], [77.0003673, 28.4242183]]]}"
"sector 35, Gurugram, Haryana, India",28.3945669,28.4345669,76.9818689,77.0218689,"{'type': 'Point', 'coordinates': [77.0018689, 28.4145669]}"
"sector 36, Gurugram, Haryana, India",28.4107020,28.4303221,76.9790143,77.0003673,"{'type': 'Polygon', 'coordinates': [[[76.9790143, 28.4190339], [76.9838638, 28.4141649], [76.9932792, 28.410702], [76.994444, 28.4129504], [76.996049, 28.4162059], [76.9974807, 28.4188039], [76.9974978, 28.4188105], [76.997764, 28.4192752], [76.9980651, 28.4198409], [76.9983796, 28.4204181], [76.9984455, 28.420532], [76.9989108, 28.4214685], [77.0003673, 28.4242183], [76.9991105, 28.4247066], [76.9978002, 28.4253474], [76.9897779, 28.4297524], [76.9887061, 28.4303221], [76.9790143, 28.4190339]]]}"
"sector 37, Gurugram, Haryana, India",28.4242183,28.4440701,76.9887061,77.0101187,"{'type': 'Polygon', 'coordinates': [[[76.9887061, 28.4303221], [76.9897779, 28.4297524], [76.9978002, 28.4253474], [76.9991105, 28.4247066], [77.0003673, 28.4242183], [77.0065073, 28.4315906], [77.0101187, 28.4358808], [77.009322, 28.436365], [77.0074539, 28.4375406], [77.0060488, 28.4383915], [77.0022039, 28.4411764], [77.0009331, 28.4425741], [77.0001506, 28.4434109], [76.9995911, 28.4440701], [76.9971713, 28.4411076], [76.9970987, 28.4410194], [76.9947336, 28.4380677], [76.9947346, 28.437949], [76.9937, 28.4366584], [76.9927571, 28.4354822], [76.9924683, 28.4351219], [76.9920539, 28.4346049], [76.9887061, 28.4303221]]]}"
"sector 37a, Gurugram, Haryana, India",28.4374456,28.4483074,76.9870163,77.0001506,"{'type': 'Polygon', 'coordinates': [[[76.9870163, 28.4436303], [76.9899012, 28.4409557], [76.9947346, 28.437949], [76.9947336, 28.4380677], [76.9958824, 28.4374456], [76.9963041, 28.4379538], [76.9970544, 28.4389947], [76.9981861, 28.4405277], [77.0001506, 28.4434109], [76.9995911, 28.4440701], [76.9982421, 28.4464881], [76.9972285, 28.4483074], [76.9878213, 28.4440288], [76.9870163, 28.4436303]]]}"
"sector 37c, Gurugram, Haryana, India",28.4424744,28.4544427,76.9782526,76.9972285,"{'type': 'Polygon', 'coordinates': [[[76.9782526, 28.451302], [76.984218, 28.4424744], [76.9870163, 28.4436303], [76.9878213, 28.4440288], [76.9972285, 28.4483074], [76.9938186, 28.4544427], [76.9937064, 28.4544201], [76.9893295, 28.4535376], [76.9782526, 28.451302]]]}"
"sector 37d, Gurugram, Haryana, India",28.4299891,28.4615642,76.9602355,76.9842180,"{'type': 'Polygon', 'coordinates': [[[76.9602355, 28.4405546], [76.9602428, 28.4397503], [76.9602483, 28.4391412], [76.9602533, 28.438598], [76.9605839, 28.4356691], [76.9608794, 28.4321442], [76.9612918, 28.4299891], [76.964933, 28.4327041], [76.965093, 28.4327895], [76.9746821, 28.4379053], [76.9755715, 28.4383938], [76.9761979, 28.4385266], [76.9761723, 28.44003], [76.9761733, 28.4420217], [76.976876, 28.4424415], [76.9787608, 28.4423114], [76.9789737, 28.4423811], [76.9791828, 28.442445], [76.9814448, 28.4419255], [76.9814958, 28.4418644], [76.9815458, 28.4418023], [76.9817825, 28.4419128], [76.9818519, 28.4419306], [76.984218, 28.4424744], [76.9782526, 28.451302], [76.9777607, 28.461455], [76.9776032, 28.4615642], [76.9623868, 28.4530169], [76.9612774, 28.4524808], [76.9606894, 28.4463509], [76.9603024, 28.4433543], [76.9602355, 28.4405546]]]}"
"sector 38, Gurugram, Haryana, India",28.4286120,28.4460043,77.0336801,77.0492887,"{'type': 'Polygon', 'coordinates': [[[77.0336801, 28.4455947], [77.0344062, 28.4394779], [77.0344439, 28.4391863], [77.034585, 28.438225], [77.0347588, 28.4373636], [77.0351195, 28.4359235], [77.0353788, 28.4352673], [77.0357812, 28.433805], [77.0360441, 28.4320391], [77.0362608, 28.4311211], [77.0363093, 28.4309601], [77.0367248, 28.4295804], [77.0368346, 28.4292604], [77.0370191, 28.428612], [77.0433202, 28.4300964], [77.0452973, 28.4305621], [77.0462121, 28.4315046], [77.0492887, 28.4346743], [77.0492095, 28.4347332], [77.0485202, 28.4352458], [77.0480006, 28.4356259], [77.0429789, 28.4393558], [77.0414743, 28.4404721], [77.0371525, 28.4437359], [77.0367344, 28.4444865], [77.035889, 28.4460043], [77.0349097, 28.4457251], [77.0336801, 28.4455947]]]}"
"sector 39, Gurugram, Haryana, India",28.4346743,28.4491446,77.0414743,77.0581972,"{'type': 'Polygon', 'coordinates': [[[77.0414743, 28.4404721], [77.0429789, 28.4393558], [77.0480006, 28.4356259], [77.0485202, 28.4352458], [77.0492095, 28.4347332], [77.0492887, 28.4346743], [77.0560453, 28.4414038], [77.0581972, 28.4438734], [77.0571439, 28.444721], [77.0561139, 28.4462304], [77.0541613, 28.4466455], [77.0537517, 28.4469731], [77.0522441, 28.4481401], [77.0508629, 28.4491446], [77.0476423, 28.4462503], [77.0470802, 28.4461172], [77.0414743, 28.4404721]]]}"
"sector 40, Gurugram, Haryana, India",28.4438734,28.4553050,77.0508629,77.0640544,"{'type': 'Polygon', 'coordinates': [[[77.0508629, 28.4491446], [77.0522441, 28.4481401], [77.0537517, 28.4469731], [77.0541613, 28.4466455], [77.0561139, 28.4462304], [77.0571439, 28.444721], [77.0581972, 28.4438734], [77.0609578, 28.4467663], [77.0640544, 28.4500074], [77.0582901, 28.4541334], [77.0566718, 28.455305], [77.0508629, 28.4491446]]]}"
"sector 41, Gurugram, Haryana, India",28.4500074,28.4639585,77.0559905,77.0716604,"{'type': 'Polygon', 'coordinates': [[[77.0559905, 28.4558177], [77.0566718, 28.455305], [77.0582901, 28.4541334], [77.0640544, 28.4500074], [77.0665475, 28.4521716], [77.0716604, 28.4580915], [77.0684497, 28.4605473], [77.0639896, 28.4639585], [77.0627821, 28.4627296], [77.0606103, 28.4605194], [77.0559905, 28.4558177]]]}"
"sector 42, Gurugram, Haryana, India",28.4492302,28.4679478,77.0952570,77.1220533,"{'type': 'Polygon', 'coordinates': [[[77.095257, 28.4631626], [77.0957275, 28.4615336], [77.0964758, 28.4588512], [77.0973362, 28.4558624], [77.0974583, 28.4554744], [77.0977387, 28.4544433], [77.0989669, 28.4507692], [77.0994329, 28.4494778], [77.1021715, 28.449894], [77.1065637, 28.4501085], [77.1088097, 28.4504499], [77.1104549, 28.4503982], [77.1106121, 28.4503933], [77.1134349, 28.4498087], [77.1138616, 28.4497203], [77.114323, 28.4496535], [77.1172468, 28.4492302], [77.1192638, 28.4493245], [77.1220533, 28.4492302], [77.1217636, 28.4533548], [77.1216027, 28.4556446], [77.1144788, 28.4662841], [77.1139852, 28.4665293], [77.1111314, 28.4663029], [77.1096508, 28.4665482], [77.1094849, 28.4666436], [77.108535, 28.4671895], [77.1079869, 28.4679478], [77.1076447, 28.4673583], [77.1075184, 28.4671508], [77.1069143, 28.466158], [77.1067654, 28.4658133], [77.1064859, 28.4644418], [77.1064017, 28.4642701], [77.1061518, 28.4641894], [77.1056218, 28.4641492], [77.1005321, 28.4637629], [77.0973298, 28.4633985], [77.095257, 28.4631626]]]}"
"sector 43, Gurugram, Haryana, India",28.4473152,28.4631626,77.0741115,77.0994329,"{'type': 'Polygon', 'coordinates': [[[77.0741115, 28.4588488], [77.0742953, 28.4543264], [77.0783132, 28.4485864], [77.0785694, 28.4482161], [77.0794759, 28.4473152], [77.081784, 28.448044], [77.0830874, 28.4484719], [77.0858019, 28.4495344], [77.0865637, 28.4498316], [77.0868319, 28.4498693], [77.0873294, 28.4498528], [77.0877368, 28.4498441], [77.0880979, 28.4498363], [77.0921306, 28.449999], [77.0951239, 28.4502537], [77.0953922, 28.4502301], [77.0967279, 28.4499943], [77.0971195, 28.4498764], [77.0984553, 28.4493953], [77.0986698, 28.449367], [77.0988915, 28.449362], [77.0994329, 28.4494778], [77.0989669, 28.4507692], [77.0977387, 28.4544433], [77.0974583, 28.4554744], [77.0973362, 28.4558624], [77.0964758, 28.4588512], [77.0957275, 28.4615336], [77.095257, 28.4631626], [77.0903326, 28.4624286], [77.0901552, 28.4624021], [77.0895688, 28.4622831], [77.0843453, 28.4611143], [77.0838476, 28.4609883], [77.081253, 28.4603871], [77.0809102, 28.4603077], [77.0797831, 28.4600504], [77.0774697, 28.4595332], [77.0741115, 28.4588488]]]}"
"sector 44, Gurugram, Haryana, India",28.4459349,28.4588488,77.0665475,77.0794759,"{'type': 'Polygon', 'coordinates': [[[77.0665475, 28.4521716], [77.0694092, 28.4500905], [77.069658, 28.4499095], [77.0718253, 28.44891], [77.0724405, 28.4486263], [77.0740557, 28.4478814], [77.0759032, 28.445991], [77.0768903, 28.4459349], [77.0794759, 28.4473152], [77.0785694, 28.4482161], [77.0783132, 28.4485864], [77.0742953, 28.4543264], [77.0741115, 28.4588488], [77.0716604, 28.4580915], [77.0665475, 28.4521716]]]}"
"sector 45, Gurugram, Haryana, India",28.4368753,28.4521716,77.0581972,77.0759032,"{'type': 'Polygon', 'coordinates': [[[77.0581972, 28.4438734], [77.0623178, 28.4408105], [77.0625573, 28.4406232], [77.0628643, 28.440383], [77.063213, 28.4401096], [77.0673151, 28.4368753], [77.0679422, 28.4375744], [77.0750649, 28.4451105], [77.0759032, 28.445991], [77.0740557, 28.4478814], [77.0724405, 28.4486263], [77.0718253, 28.44891], [77.069658, 28.4499095], [77.0694092, 28.4500905], [77.0665475, 28.4521716], [77.0640544, 28.4500074], [77.0609578, 28.4467663], [77.0581972, 28.4438734]]]}"
"sector 46, Gurugram, Haryana, India",28.4276614,28.4438734,77.0492887,77.0673151,"{'type': 'Polygon', 'coordinates': [[[77.0492887, 28.4346743], [77.0493527, 28.4346236], [77.04983, 28.4342835], [77.0579916, 28.4279455], [77.0581058, 28.4278736], [77.0584137, 28.4276614], [77.0585822, 28.427848], [77.0594335, 28.4287147], [77.0617294, 28.4310886], [77.0673151, 28.4368753], [77.063213, 28.4401096], [77.0628643, 28.440383], [77.0625573, 28.4406232], [77.0623178, 28.4408105], [77.0581972, 28.4438734], [77.0560453, 28.4414038], [77.0492887, 28.4346743]]]}"
"sector 47, Gurugram, Haryana, India",28.4171357,28.4346743,77.0370191,77.0584137,"{'type': 'Polygon', 'coordinates': [[[77.0370191, 28.428612], [77.0376395, 28.4263843], [77.0403237, 28.4171357], [77.0445549, 28.4186073], [77.0453981, 28.4189007], [77.0495217, 28.4200624], [77.0511153, 28.420514], [77.0512178, 28.4205619], [77.0512614, 28.4205776], [77.0516033, 28.4207281], [77.0518744, 28.4208461], [77.0535016, 28.4224993], [77.0539989, 28.4230073], [77.0553416, 28.4246722], [77.0572988, 28.4265483], [77.0584137, 28.4276614], [77.0581058, 28.4278736], [77.0579916, 28.4279455], [77.04983, 28.4342835], [77.0493527, 28.4346236], [77.0492887, 28.4346743], [77.0462121, 28.4315046], [77.0452973, 28.4305621], [77.0433202, 28.4300964], [77.0370191, 28.428612]]]}"
"sector 48, Gurugram, Haryana, India",28.3904903,28.4304903,77.0194627,77.0594627,"{'type': 'Point', 'coordinates': [77.0394627, 28.4104903]}"
"sector 49, Gurugram, Haryana, India",28.4013433,28.4208461,77.0403237,77.0589847,"{'type': 'Polygon', 'coordinates': [[[77.0403237, 28.4171357], [77.0419513, 28.4115607], [77.0428532, 28.4085021], [77.0448633, 28.4013433], [77.0451378, 28.4013861], [77.0457015, 28.401549], [77.054897, 28.4049893], [77.0589847, 28.406556], [77.0587111, 28.4071135], [77.0580586, 28.4084502], [77.057882, 28.4088119], [77.0570819, 28.4104509], [77.0561852, 28.4122879], [77.0550168, 28.4146814], [77.054682, 28.4153672], [77.0521811, 28.4202635], [77.0518744, 28.4208461], [77.0516033, 28.4207281], [77.0512614, 28.4205776], [77.0512178, 28.4205619], [77.0511153, 28.420514], [77.0495217, 28.4200624], [77.0453981, 28.4189007], [77.0445549, 28.4186073], [77.0403237, 28.4171357]]]}"
"sector 50, Gurugram, Haryana, India",28.4065560,28.4265483,77.0518744,77.0746581,"{'type': 'Polygon', 'coordinates': [[[77.0518744, 28.4208461], [77.0521811, 28.4202635], [77.054682, 28.4153672], [77.0550168, 28.4146814], [77.0561852, 28.4122879], [77.0570819, 28.4104509], [77.057882, 28.4088119], [77.0580586, 28.4084502], [77.0587111, 28.4071135], [77.0589847, 28.406556], [77.0731214, 28.4117043], [77.0735146, 28.4118429], [77.0736191, 28.4118837], [77.0746581, 28.4122793], [77.0685031, 28.4175946], [77.0658283, 28.4197244], [77.0648143, 28.4205318], [77.0572988, 28.4265483], [77.0553416, 28.4246722], [77.0539989, 28.4230073], [77.0535016, 28.4224993], [77.0518744, 28.4208461]]]}"
"sector 51, Gurugram, Haryana, India",28.4205318,28.4368753,77.0572988,77.0754687,"{'type': 'Polygon', 'coordinates': [[[77.0572988, 28.4265483], [77.0648143, 28.4205318], [77.0726514, 28.427971], [77.0754687, 28.4306451], [77.0726336, 28.4328178], [77.0716523, 28.4335698], [77.067747, 28.4365532], [77.0673151, 28.4368753], [77.0617294, 28.4310886], [77.0594335, 28.4287147], [77.0585822, 28.427848], [77.0584137, 28.4276614], [77.0572988, 28.4265483]]]}"
"sector 52, Gurugram, Haryana, India",28.4296677,28.4473152,77.0673151,77.0913054,"{'type': 'Polygon', 'coordinates': [[[77.0673151, 28.4368753], [77.067747, 28.4365532], [77.0716523, 28.4335698], [77.0726336, 28.4328178], [77.0754687, 28.4306451], [77.0853328, 28.4296677], [77.091248, 28.4298979], [77.0913054, 28.4308836], [77.0903592, 28.4359516], [77.090155, 28.4371703], [77.0897013, 28.4381641], [77.0892083, 28.4388676], [77.0881306, 28.4399987], [77.0863124, 28.4414772], [77.084469, 28.4427548], [77.0837952, 28.443534], [77.0834464, 28.4437731], [77.0812837, 28.4458395], [77.0806293, 28.4463884], [77.0794759, 28.4473152], [77.0768903, 28.4459349], [77.0759032, 28.445991], [77.0750649, 28.4451105], [77.0679422, 28.4375744], [77.0673151, 28.4368753]], [[77.0812747, 28.4427417], [77.0818379, 28.443439], [77.0828775, 28.443149], [77.0824837, 28.44202], [77.0812747, 28.4427417]]]}"
"sector 53, Gurugram, Haryana, India",28.4312887,28.4502537,77.0876834,77.1053206,"{'type': 'Polygon', 'coordinates': [[[77.0876834, 28.4491056], [77.0887455, 28.4465303], [77.0905373, 28.4431813], [77.0918784, 28.4414078], [77.0936057, 28.4374077], [77.094346, 28.4349265], [77.0955925, 28.4312887], [77.0962612, 28.4314754], [77.1053206, 28.4313367], [77.1035925, 28.4372842], [77.1026688, 28.4397409], [77.1026464, 28.4398013], [77.1012851, 28.4434208], [77.0999528, 28.4478306], [77.0996273, 28.448841], [77.0994329, 28.4494778], [77.0988915, 28.449362], [77.0986698, 28.449367], [77.0984553, 28.4493953], [77.0971195, 28.4498764], [77.0967279, 28.4499943], [77.0953922, 28.4502301], [77.0951239, 28.4502537], [77.0921306, 28.449999], [77.0880979, 28.4498363], [77.0877368, 28.4498441], [77.0876834, 28.4491056]]]}"
"sector 54, Gurugram, Haryana, India",28.4313367,28.4504499,77.0994329,77.1220533,"{'type': 'Polygon', 'coordinates': [[[77.0994329, 28.4494778], [77.0996273, 28.448841], [77.0999528, 28.4478306], [77.1012851, 28.4434208], [77.1026464, 28.4398013], [77.1026688, 28.4397409], [77.1035925, 28.4372842], [77.1053206, 28.4313367], [77.1184055, 28.4314188], [77.1220533, 28.4362304], [77.1216242, 28.4373625], [77.1220533, 28.4492302], [77.1192638, 28.4493245], [77.1172468, 28.4492302], [77.114323, 28.4496535], [77.1138616, 28.4497203], [77.1134349, 28.4498087], [77.1106121, 28.4503933], [77.1104549, 28.4503982], [77.1088097, 28.4504499], [77.1065637, 28.4501085], [77.1021715, 28.449894], [77.0994329, 28.4494778]]]}"
"sector 55, Gurugram, Haryana, India",28.4192579,28.4314188,77.1051935,77.1184055,"{'type': 'Polygon', 'coordinates': [[[77.1051935, 28.4192579], [77.1080744, 28.4212281], [77.1088321, 28.4215879], [77.1092921, 28.4218084], [77.1093901, 28.4218505], [77.1094987, 28.4219924], [77.1097012, 28.4222543], [77.1100156, 28.4226818], [77.1155389, 28.428181], [77.1171395, 28.4291922], [77.1184055, 28.4314188], [77.1053206, 28.4313367], [77.1051935, 28.4192579]]]}"
"sector 56, Gurugram, Haryana, India",28.4172746,28.4314754,77.0910767,77.1053206,"{'type': 'Polygon', 'coordinates': [[[77.0910767, 28.4173299], [77.0937117, 28.4173275], [77.0948449, 28.4173265], [77.097532, 28.4172746], [77.1011007, 28.4182496], [77.1051935, 28.4192579], [77.1053206, 28.4313367], [77.0962612, 28.4314754], [77.0955925, 28.4312887], [77.091248, 28.4298979], [77.0911594, 28.4229007], [77.0910847, 28.4178708], [77.0910767, 28.4173299]]]}"
"sector 57, Gurugram, Haryana, India",28.4122793,28.4306451,77.0648143,77.0912480,"{'type': 'Polygon', 'coordinates': [[[77.0648143, 28.4205318], [77.0658283, 28.4197244], [77.0685031, 28.4175946], [77.0746581, 28.4122793], [77.0747173, 28.4123036], [77.0795084, 28.4140966], [77.0804928, 28.4143783], [77.0815928, 28.414693], [77.0858068, 28.4158987], [77.0879396, 28.416509], [77.0896436, 28.4169965], [77.0910767, 28.4173299], [77.0910847, 28.4178708], [77.0911594, 28.4229007], [77.091248, 28.4298979], [77.0853328, 28.4296677], [77.0754687, 28.4306451], [77.0726514, 28.427971], [77.0648143, 28.4205318]]]}"
"sector 58, Gurugram, Haryana, India",28.4086456,28.4281810,77.1011878,77.1182005,"{'type': 'Polygon', 'coordinates': [[[77.1011878, 28.418212], [77.1020696, 28.4091035], [77.1021139, 28.4086456], [77.1107362, 28.411378], [77.1112805, 28.4115479], [77.1182005, 28.4137488], [77.1175929, 28.4167058], [77.1152889, 28.4234414], [77.1155389, 28.428181], [77.1093901, 28.4218505], [77.1051935, 28.4192579], [77.1011878, 28.418212]]]}"
"sector 59, Gurugram, Haryana, India",28.3830162,28.4230162,77.0866682,77.1266682,"{'type': 'Point', 'coordinates': [77.1066682, 28.4030162]}"
"sector 60, Gurugram, Haryana, India",28.3785617,28.4185617,77.0778276,77.1178276,"{'type': 'Point', 'coordinates': [77.0978276, 28.3985617]}"
"sector 61, Gurugram, Haryana, India",28.3910188,28.4310188,77.0763685,77.1163685,"{'type': 'Point', 'coordinates': [77.0963685, 28.4110188]}"
"sector 62, Gurugram, Haryana, India",28.3994698,28.4173299,77.0746581,77.0923553,"{'type': 'Polygon', 'coordinates': [[[77.0746581, 28.4122793], [77.0788913, 28.402756], [77.0792652, 28.4019148], [77.080579, 28.3994698], [77.0806463, 28.3994718], [77.0827252, 28.3999536], [77.0847914, 28.4004364], [77.0854609, 28.4005912], [77.0857952, 28.4006631], [77.0887777, 28.4013048], [77.0923553, 28.4021852], [77.092003, 28.4046238], [77.0918756, 28.4112549], [77.0912208, 28.4131694], [77.0908692, 28.4154849], [77.0910767, 28.4173299], [77.0896436, 28.4169965], [77.0879396, 28.416509], [77.0858068, 28.4158987], [77.0815928, 28.414693], [77.0804928, 28.4143783], [77.0795084, 28.4140966], [77.0747173, 28.4123036], [77.0746581, 28.4122793]]]}"
"sector 63, Gurugram, Haryana, India",28.3764476,28.4164476,77.0664980,77.1064980,"{'type': 'Point', 'coordinates': [77.086498, 28.3964476]}"
"sector 63a, Gurugram, Haryana, India",28.4242183,28.4440701,76.9887061,77.0101187,"{'type': 'Polygon', 'coordinates': [[[76.9887061, 28.4303221], [76.9897779, 28.4297524], [76.9978002, 28.4253474], [76.9991105, 28.4247066], [77.0003673, 28.4242183], [77.0065073, 28.4315906], [77.0101187, 28.4358808], [77.009322, 28.436365], [77.0074539, 28.4375406], [77.0060488, 28.4383915], [77.0022039, 28.4411764], [77.0009331, 28.4425741], [77.0001506, 28.4434109], [76.9995911, 28.4440701], [76.9971713, 28.4411076], [76.9970987, 28.4410194], [76.9947336, 28.4380677], [76.9947346, 28.437949], [76.9937, 28.4366584], [76.9927571, 28.4354822], [76.9924683, 28.4351219], [76.9920539, 28.4346049], [76.9887061, 28.4303221]]]}"
"sector 64, Gurugram, Haryana, India",28.3714643,28.4114643,77.0561983,77.0961983,"{'type': 'Point', 'coordinates': [77.0761983, 28.3914643]}"
"sector 65, Gurugram, Haryana, India",28.3939999,28.4122793,77.0589847,77.0805790,"{'type': 'Polygon', 'coordinates': [[[77.0589847, 28.406556], [77.0624837, 28.400296], [77.0631054, 28.3992625], [77.0639584, 28.3977044], [77.0640126, 28.3976108], [77.0659928, 28.3939999], [77.0711687, 28.3961878], [77.0768351, 28.3985477], [77.0782193, 28.398869], [77.0795386, 28.3991752], [77.080579, 28.3994698], [77.0792652, 28.4019148], [77.0788913, 28.402756], [77.0746581, 28.4122793], [77.0736191, 28.4118837], [77.0735146, 28.4118429], [77.0731214, 28.4117043], [77.0589847, 28.406556]]]}"
"sector 66, Gurugram, Haryana, India",28.3774292,28.4174292,77.0338823,77.0738823,"{'type': 'Point', 'coordinates': [77.0538823, 28.3974292]}"
"sector 67, Gurugram, Haryana, India",28.3664052,28.4064052,77.0398046,77.0798046,"{'type': 'Point', 'coordinates': [77.0598046, 28.3864052]}"
"sector 67a, Gurugram, Haryana, India",28.4008281,28.4240826,77.0000093,77.0196986,"{'type': 'Polygon', 'coordinates': [[[77.0000093, 28.4023072], [77.0092134, 28.4008281], [77.0092837, 28.4009686], [77.0094932, 28.4013872], [77.009756, 28.4019122], [77.0106152, 28.4036287], [77.0111553, 28.4046987], [77.0116085, 28.4046678], [77.0124051, 28.4046717], [77.0123961, 28.405245], [77.0131865, 28.4052449], [77.0131993, 28.4057854], [77.0121029, 28.4058159], [77.0116947, 28.4059308], [77.0162375, 28.414912], [77.0196986, 28.4220077], [77.0159279, 28.4240826], [77.0141684, 28.4220315], [77.0126127, 28.421315], [77.0120198, 28.4211561], [77.0108877, 28.4209609], [77.0087976, 28.4159314], [77.007613, 28.4129635], [77.0062662, 28.409589], [77.005537, 28.4085894], [77.0046285, 28.4079685], [77.0034301, 28.4069305], [77.0029236, 28.4065474], [77.0025086, 28.4061325], [77.0021452, 28.4057082], [77.0015453, 28.4050125], [77.0010017, 28.4042588], [77.0002669, 28.4029935], [77.0000093, 28.4023072]]]}"
"sector 68, Gurugram, Haryana, India",28.3688970,28.4088970,77.0259859,77.0659859,"{'type': 'Point', 'coordinates': [77.0459859, 28.388897]}"
"sector 69, Gurugram, Haryana, India",28.3760701,28.4160701,77.0172311,77.0572311,"{'type': 'Point', 'coordinates': [77.0372311, 28.3960701]}"
"sector 70, Gurugram, Haryana, India",28.3747261,28.4147261,77.0023138,77.0423138,"{'type': 'Point', 'coordinates': [77.0223138, 28.3947261]}"
"sector 71, Gurugram, Haryana, India",28.4005528,28.4200704,77.0160432,77.0308750,"{'type': 'Polygon', 'coordinates': [[[77.0160432, 28.4008164], [77.0234746, 28.4006134], [77.030875, 28.4005528], [77.0307802, 28.4030765], [77.0307812, 28.4036679], [77.0306943, 28.4045398], [77.0305808, 28.4052013], [77.0303374, 28.4060059], [77.0303359, 28.4060107], [77.0301705, 28.4065576], [77.0300931, 28.4069413], [77.0300862, 28.4069965], [77.0297455, 28.4082592], [77.0291977, 28.4091007], [77.0286977, 28.4097464], [77.0284388, 28.4101796], [77.0279006, 28.4115031], [77.0281718, 28.4132995], [77.0285135, 28.4159881], [77.0284359, 28.4169967], [77.0276144, 28.4177028], [77.0259303, 28.4185047], [77.0254168, 28.4188385], [77.0245587, 28.4193107], [77.0233009, 28.4200704], [77.0207469, 28.4129267], [77.0160432, 28.4008164]]]}"
"sector 72, Gurugram, Haryana, India",28.4005528,28.4242889,77.0233009,77.0402781,"{'type': 'Polygon', 'coordinates': [[[77.0233009, 28.4200704], [77.0245587, 28.4193107], [77.0254168, 28.4188385], [77.0259303, 28.4185047], [77.0276144, 28.4177028], [77.0284359, 28.4169967], [77.0285135, 28.4159881], [77.0281718, 28.4132995], [77.0279006, 28.4115031], [77.0284388, 28.4101796], [77.0286977, 28.4097464], [77.0291977, 28.4091007], [77.0297455, 28.4082592], [77.0300862, 28.4069965], [77.0300931, 28.4069413], [77.0301705, 28.4065576], [77.0303359, 28.4060107], [77.0303374, 28.4060059], [77.0305808, 28.4052013], [77.0306943, 28.4045398], [77.0307812, 28.4036679], [77.0307802, 28.4030765], [77.030875, 28.4005528], [77.0370084, 28.4009707], [77.0402781, 28.401242], [77.0401564, 28.4022919], [77.0399203, 28.4025939], [77.039055, 28.4026859], [77.0379677, 28.4035282], [77.0374634, 28.4042265], [77.0375208, 28.4053283], [77.0368948, 28.4058969], [77.0368513, 28.4065139], [77.0367339, 28.4081807], [77.0358929, 28.4087302], [77.0344846, 28.4096505], [77.033991, 28.4103676], [77.0334401, 28.4123423], [77.0332255, 28.4129179], [77.0334187, 28.4139842], [77.0335297, 28.4163032], [77.0326121, 28.4190473], [77.0325603, 28.4192024], [77.0315771, 28.4215873], [77.0262518, 28.4239391], [77.0247704, 28.4242889], [77.0233009, 28.4200704]]]}"
"sector 73, Gurugram, Haryana, India",28.4008164,28.4220077,77.0092134,77.0233009,"{'type': 'Polygon', 'coordinates': [[[77.0092134, 28.4008281], [77.0160432, 28.4008164], [77.0207469, 28.4129267], [77.0233009, 28.4200704], [77.0196986, 28.4220077], [77.0162375, 28.414912], [77.0116947, 28.4059308], [77.0121029, 28.4058159], [77.0131993, 28.4057854], [77.0131865, 28.4052449], [77.0123961, 28.405245], [77.0124051, 28.4046717], [77.0116085, 28.4046678], [77.0111553, 28.4046987], [77.0106152, 28.4036287], [77.009756, 28.4019122], [77.0094932, 28.4013872], [77.0092837, 28.4009686], [77.0092134, 28.4008281]]]}"
"sector 74, Gurugram, Haryana, India",28.4008281,28.4240826,77.0000093,77.0196986,"{'type': 'Polygon', 'coordinates': [[[77.0000093, 28.4023072], [77.0092134, 28.4008281], [77.0092837, 28.4009686], [77.0094932, 28.4013872], [77.009756, 28.4019122], [77.0106152, 28.4036287], [77.0111553, 28.4046987], [77.0116085, 28.4046678], [77.0124051, 28.4046717], [77.0123961, 28.405245], [77.0131865, 28.4052449], [77.0131993, 28.4057854], [77.0121029, 28.4058159], [77.0116947, 28.4059308], [77.0162375, 28.414912], [77.0196986, 28.4220077], [77.0159279, 28.4240826], [77.0141684, 28.4220315], [77.0126127, 28.421315], [77.0120198, 28.4211561], [77.0108877, 28.4209609], [77.0087976, 28.4159314], [77.007613, 28.4129635], [77.0062662, 28.409589], [77.005537, 28.4085894], [77.0046285, 28.4079685], [77.0034301, 28.4069305], [77.0029236, 28.4065474], [77.0025086, 28.4061325], [77.0021452, 28.4057082], [77.0015453, 28.4050125], [77.0010017, 28.4042588], [77.0002669, 28.4029935], [77.0000093, 28.4023072]]]}"
"sector 75, Gurugram, Haryana, India",28.3764476,28.4164476,76.9865896,77.0265896,"{'type': 'Point', 'coordinates': [77.0065896, 28.3964476]}"
"sector 76, Gurugram, Haryana, India",28.3710112,28.4110112,76.9700243,77.0100243,"{'type': 'Point', 'coordinates': [76.9900243, 28.3910112]}"
"sector 77, Gurugram, Haryana, India",28.3632337,28.4032337,76.9625570,77.0025570,"{'type': 'Point', 'coordinates': [76.982557, 28.3832337]}"
"sector 78, Gurugram, Haryana, India",28.3621222,28.3838833,76.9613960,76.9830167,"{'type': 'Polygon', 'coordinates': [[[76.961396, 28.37906], [76.9664843, 28.3621222], [76.9751158, 28.3634258], [76.977904, 28.3651204], [76.9830167, 28.3718906], [76.9710829, 28.3835064], [76.970547, 28.3838833], [76.970258, 28.3835879], [76.961396, 28.37906]]]}"
"sector 79, Gurugram, Haryana, India",28.4008281,28.4240826,77.0000093,77.0196986,"{'type': 'Polygon', 'coordinates': [[[77.0000093, 28.4023072], [77.0092134, 28.4008281], [77.0092837, 28.4009686], [77.0094932, 28.4013872], [77.009756, 28.4019122], [77.0106152, 28.4036287], [77.0111553, 28.4046987], [77.0116085, 28.4046678], [77.0124051, 28.4046717], [77.0123961, 28.405245], [77.0131865, 28.4052449], [77.0131993, 28.4057854], [77.0121029, 28.4058159], [77.0116947, 28.4059308], [77.0162375, 28.414912], [77.0196986, 28.4220077], [77.0159279, 28.4240826], [77.0141684, 28.4220315], [77.0126127, 28.421315], [77.0120198, 28.4211561], [77.0108877, 28.4209609], [77.0087976, 28.4159314], [77.007613, 28.4129635], [77.0062662, 28.409589], [77.005537, 28.4085894], [77.0046285, 28.4079685], [77.0034301, 28.4069305], [77.0029236, 28.4065474], [77.0025086, 28.4061325], [77.0021452, 28.4057082], [77.0015453, 28.4050125], [77.0010017, 28.4042588], [77.0002669, 28.4029935], [77.0000093, 28.4023072]]]}"
"sector 80, Gurugram, Haryana, India",28.3612242,28.3790600,76.9568038,76.9664843,"{'type': 'Polygon', 'coordinates': [[[76.9568038, 28.3765333], [76.9616889, 28.3624364], [76.9641586, 28.3612242], [76.9655592, 28.3617996], [76.9664843, 28.3621222], [76.961396, 28.37906], [76.9568038, 28.3765333]]]}"
"sector 81, Gurugram, Haryana, India",28.3810248,28.3955282,76.9358092,76.9566384,"{'type': 'Polygon', 'coordinates': [[[76.9358092, 28.3880122], [76.9384074, 28.3853999], [76.9405244, 28.3834246], [76.9474621, 28.3810248], [76.9566384, 28.3861541], [76.9547605, 28.3889852], [76.9533531, 28.3911071], [76.9523091, 28.392681], [76.9509035, 28.3955282], [76.9500215, 28.3950422], [76.9427756, 28.3914581], [76.9358092, 28.3880122]]]}"
"sector 82, Gurugram, Haryana, India",28.3861541,28.3992344,76.9509035,76.9674154,"{'type': 'Polygon', 'coordinates': [[[76.9509035, 28.3955282], [76.9523091, 28.392681], [76.9533531, 28.3911071], [76.9547605, 28.3889852], [76.9566384, 28.3861541], [76.9597345, 28.3877261], [76.9618181, 28.3888061], [76.9627609, 28.3892888], [76.9674154, 28.3916719], [76.9651398, 28.3940356], [76.9646925, 28.3945774], [76.9631571, 28.3964586], [76.9616097, 28.3986548], [76.9608587, 28.3992344], [76.952261, 28.3960539], [76.9509035, 28.3955282]]]}"
"sector 82a, Gurugram, Haryana, India",28.3790600,28.3916719,76.9566384,76.9728308,"{'type': 'Polygon', 'coordinates': [[[76.9566384, 28.3861541], [76.9567443, 28.3859962], [76.9568236, 28.3858926], [76.9570308, 28.385583], [76.961396, 28.37906], [76.970258, 28.3835879], [76.970547, 28.3838833], [76.9716055, 28.3848622], [76.9718392, 28.3850834], [76.972703, 28.3859735], [76.9728308, 28.386218], [76.9708142, 28.3878775], [76.9697842, 28.3890274], [76.9685171, 28.390442], [76.9684774, 28.3904863], [76.9674154, 28.3916719], [76.9627609, 28.3892888], [76.9618181, 28.3888061], [76.9597345, 28.3877261], [76.9566384, 28.3861541]]]}"
"sector 83, Gurugram, Haryana, India",28.3862180,28.4051340,76.9608587,76.9825179,"{'type': 'Polygon', 'coordinates': [[[76.9608587, 28.3992344], [76.9616097, 28.3986548], [76.9631571, 28.3964586], [76.9646925, 28.3945774], [76.9651398, 28.3940356], [76.9674154, 28.3916719], [76.9684774, 28.3904863], [76.9685171, 28.390442], [76.9697842, 28.3890274], [76.9708142, 28.3878775], [76.9728308, 28.386218], [76.975006, 28.3883935], [76.9789839, 28.3925281], [76.9795262, 28.3929931], [76.9819303, 28.3955576], [76.9825179, 28.3961844], [76.9780273, 28.4005379], [76.9728238, 28.405134], [76.9700559, 28.4037819], [76.9625225, 28.4001018], [76.9613005, 28.3995048], [76.9608587, 28.3992344]]]}"
"sector 84, Gurugram, Haryana, India",28.3992344,28.4171845,76.9547099,76.9728238,"{'type': 'Polygon', 'coordinates': [[[76.9547099, 28.4120177], [76.9554247, 28.4105443], [76.9563101, 28.4088117], [76.9574996, 28.4064838], [76.9577754, 28.4059406], [76.9595686, 28.4024096], [76.9602997, 28.4001996], [76.9608587, 28.3992344], [76.9613005, 28.3995048], [76.9625225, 28.4001018], [76.9700559, 28.4037819], [76.9728238, 28.405134], [76.9704042, 28.40768], [76.9677705, 28.4104658], [76.9641227, 28.4171845], [76.9547497, 28.4120642], [76.9547099, 28.4120177]]]}"
"sector 85, Gurugram, Haryana, India",28.3955282,28.4120177,76.9453919,76.9608587,"{'type': 'Polygon', 'coordinates': [[[76.9453919, 28.4072042], [76.94962, 28.3982475], [76.9509035, 28.3955282], [76.952261, 28.3960539], [76.9608587, 28.3992344], [76.9602997, 28.4001996], [76.9595686, 28.4024096], [76.9577754, 28.4059406], [76.9574996, 28.4064838], [76.9563101, 28.4088117], [76.9554247, 28.4105443], [76.9547099, 28.4120177], [76.9546094, 28.411984], [76.9541112, 28.4117241], [76.9529694, 28.4111146], [76.9516046, 28.4103861], [76.9513613, 28.4102643], [76.9511364, 28.4101517], [76.9503489, 28.4097286], [76.9502797, 28.4096922], [76.9454251, 28.4073146], [76.9453919, 28.4072042]]]}"
"sector 86, Gurugram, Haryana, India",28.3880122,28.4072042,76.9313357,76.9509035,"{'type': 'Polygon', 'coordinates': [[[76.9313357, 28.4000485], [76.9358092, 28.3880122], [76.9427756, 28.3914581], [76.9500215, 28.3950422], [76.9509035, 28.3955282], [76.94962, 28.3982475], [76.9453919, 28.4072042], [76.9374633, 28.4032618], [76.9373791, 28.403221], [76.9328558, 28.4009799], [76.932707, 28.4008004], [76.9313357, 28.4000485]]]}"
"sector 87, Gurugram, Haryana, India",28.3856785,28.4000575,76.9192621,76.9358092,"{'type': 'Polygon', 'coordinates': [[[76.9192621, 28.3937778], [76.9315631, 28.3856785], [76.9358092, 28.3880122], [76.9313357, 28.4000485], [76.9312682, 28.4000575], [76.9192621, 28.3937778]]]}"
"sector 88, Gurugram, Haryana, India",28.4120177,28.4299891,76.9498559,76.9641227,"{'type': 'Polygon', 'coordinates': [[[76.9498559, 28.427965], [76.9525872, 28.4189918], [76.9526607, 28.4187947], [76.952722, 28.4185833], [76.9547099, 28.4120177], [76.9547497, 28.4120642], [76.9641227, 28.4171845], [76.9627, 28.42192], [76.9612918, 28.4299891], [76.9577517, 28.4279313], [76.9566025, 28.4279229], [76.9558902, 28.4280186], [76.9557858, 28.4280472], [76.9539776, 28.4284659], [76.9498559, 28.427965]]]}"
"sector 88a, Gurugram, Haryana, India",28.4279229,28.4391412,76.9485789,76.9612918,"{'type': 'Polygon', 'coordinates': [[[76.9485789, 28.4308809], [76.9498559, 28.427965], [76.9539776, 28.4284659], [76.9557858, 28.4280472], [76.9558902, 28.4280186], [76.9566025, 28.4279229], [76.9577517, 28.4279313], [76.9612918, 28.4299891], [76.9608794, 28.4321442], [76.9605839, 28.4356691], [76.9602533, 28.438598], [76.9602483, 28.4391412], [76.9512248, 28.4386057], [76.9486936, 28.4385007], [76.9498096, 28.4310229], [76.9485789, 28.4308809]]]}"
"sector 88b, Gurugram, Haryana, India",28.4220223,28.4620223,76.9338495,76.9738495,"{'type': 'Point', 'coordinates': [76.9538495, 28.4420223]}"
"sector 89, Gurugram, Haryana, India",28.4072042,28.4279650,76.9355611,76.9547099,"{'type': 'Polygon', 'coordinates': [[[76.9355611, 28.4245277], [76.9369233, 28.4217639], [76.9374959, 28.4207947], [76.9412706, 28.4142658], [76.941678, 28.413561], [76.9453919, 28.4072042], [76.9454251, 28.4073146], [76.9502797, 28.4096922], [76.9503489, 28.4097286], [76.9511364, 28.4101517], [76.9513613, 28.4102643], [76.9516046, 28.4103861], [76.9529694, 28.4111146], [76.9541112, 28.4117241], [76.9546094, 28.411984], [76.9547099, 28.4120177], [76.952722, 28.4185833], [76.9526607, 28.4187947], [76.9525872, 28.4189918], [76.9498559, 28.427965], [76.9405161, 28.426231], [76.9389939, 28.4255591], [76.9377113, 28.4252016], [76.9375487, 28.4251524], [76.9374015, 28.4251078], [76.9355611, 28.4245277]]]}"
"sector 90, Gurugram, Haryana, India",28.4000485,28.4135610,76.9276481,76.9453919,"{'type': 'Polygon', 'coordinates': [[[76.9276481, 28.408329], [76.9313357, 28.4000485], [76.932707, 28.4008004], [76.9328558, 28.4009799], [76.9373791, 28.403221], [76.9374633, 28.4032618], [76.9453919, 28.4072042], [76.941678, 28.413561], [76.9276849, 28.408423], [76.9276481, 28.408329]]]}"
"sector 91, Gurugram, Haryana, India",28.3937778,28.4084230,76.9086172,76.9313357,"{'type': 'Polygon', 'coordinates': [[[76.9086172, 28.4012233], [76.9143364, 28.3973234], [76.9192621, 28.3937778], [76.9312682, 28.4000575], [76.9313357, 28.4000485], [76.9276481, 28.408329], [76.9276849, 28.408423], [76.9244146, 28.4072081], [76.922579, 28.4065308], [76.9200977, 28.4056045], [76.9176066, 28.4046565], [76.9167419, 28.4043275], [76.91591, 28.4040109], [76.9133046, 28.403015], [76.9125796, 28.4027379], [76.9086172, 28.4012233]]]}"
"sector 92, Gurugram, Haryana, India",28.4012233,28.4181216,76.8993916,76.9276849,"{'type': 'Polygon', 'coordinates': [[[76.8993916, 28.4073552], [76.9071668, 28.4021721], [76.9086172, 28.4012233], [76.9125796, 28.4027379], [76.9133046, 28.403015], [76.91591, 28.4040109], [76.9167419, 28.4043275], [76.9176066, 28.4046565], [76.9200977, 28.4056045], [76.922579, 28.4065308], [76.9244146, 28.4072081], [76.9276849, 28.408423], [76.9241277, 28.4181216], [76.9186754, 28.4166938], [76.9106073, 28.4128438], [76.8993916, 28.4073552]]]}"
"sector 93, Gurugram, Haryana, India",28.4084230,28.4207947,76.9241277,76.9416780,"{'type': 'Polygon', 'coordinates': [[[76.9241277, 28.4181216], [76.9276849, 28.408423], [76.941678, 28.413561], [76.9412706, 28.4142658], [76.9374959, 28.4207947], [76.9318075, 28.4195246], [76.9241277, 28.4181216]]]}"
"sector 94, Gurugram, Haryana, India",28.4181216,28.4245277,76.9222373,76.9374959,"{'type': 'Polygon', 'coordinates': [[[76.9222373, 28.4227705], [76.9241277, 28.4181216], [76.9318075, 28.4195246], [76.9374959, 28.4207947], [76.9369233, 28.4217639], [76.9355611, 28.4245277], [76.9347698, 28.4243853], [76.9342159, 28.4242877], [76.9318323, 28.4240313], [76.9253702, 28.4230724], [76.9222373, 28.4227705]]]}"
"sector 95, Gurugram, Haryana, India",28.3949443,28.4349443,76.8914892,76.9314892,"{'type': 'Point', 'coordinates': [76.9114892, 28.4149443]}"
"sector 96, Gurugram, Haryana, India",28.4950144,28.5119073,77.0687536,77.0916743,"{'type': 'Polygon', 'coordinates': [[[77.0687536, 28.5036859], [77.0719207, 28.5014868], [77.0730631, 28.5009648], [77.0753648, 28.5006701], [77.0765737, 28.5005817], [77.079202, 28.5008834], [77.0856701, 28.4958522], [77.0862237, 28.4950144], [77.0864238, 28.4952403], [77.0880312, 28.4969849], [77.0893749, 28.4984433], [77.0916743, 28.5009315], [77.0911395, 28.5012251], [77.083368, 28.506939], [77.07916, 28.5100327], [77.0774536, 28.5112873], [77.0764205, 28.511393], [77.0763485, 28.5114004], [77.0761245, 28.5114603], [77.0746225, 28.5119073], [77.074278, 28.5111214], [77.0740678, 28.5104203], [77.0714703, 28.5067703], [77.0687536, 28.5036859]]]}"
"sector 97, Gurugram, Haryana, India",28.3892824,28.4292824,76.8605901,76.9005901,"{'type': 'Point', 'coordinates': [76.8805901, 28.4092824]}"
"sector 98, Gurugram, Haryana, India",28.5071706,28.5212528,76.9706359,76.9991059,"{'type': 'Polygon', 'coordinates': [[[76.9706359, 28.5157991], [76.975992, 28.512758], [76.9797011, 28.510739], [76.9805237, 28.5102258], [76.9854207, 28.5071706], [76.9860482, 28.5076491], [76.9872633, 28.5082695], [76.9910439, 28.5105074], [76.9923118, 28.5124632], [76.9954418, 28.5144465], [76.9991059, 28.5178978], [76.9990202, 28.5184844], [76.9968081, 28.5197112], [76.9959691, 28.5180316], [76.9953859, 28.5171445], [76.9945276, 28.5176083], [76.9909463, 28.5135677], [76.983382, 28.5169891], [76.9832794, 28.5170355], [76.9812139, 28.5191174], [76.9802327, 28.5198029], [76.9783615, 28.5212528], [76.9760102, 28.5189385], [76.9706359, 28.5157991]]]}"
"sector 99, Gurugram, Haryana, India",28.4445549,28.4845549,76.9428585,76.9828585,"{'type': 'Point', 'coordinates': [76.9628585, 28.4645549]}"
"sector 99a, Gurugram, Haryana, India",28.4354059,28.4754059,76.9310278,76.9710278,"{'type': 'Point', 'coordinates': [76.9510278, 28.4554059]}"
"sector 100, Gurugram, Haryana, India",28.4524808,28.4678764,76.9612774,76.9792772,"{'type': 'Polygon', 'coordinates': [[[76.9612774, 28.4524808], [76.9623868, 28.4530169], [76.9776032, 28.4615642], [76.9792533, 28.4625522], [76.9792772, 28.462619], [76.9717224, 28.4678764], [76.9685001, 28.4643543], [76.9652814, 28.4595628], [76.9612774, 28.4524808]]]}"
"sector 101, Gurugram, Haryana, India",28.4626190,28.4755644,76.9717224,76.9898798,"{'type': 'Polygon', 'coordinates': [[[76.9717224, 28.4678764], [76.9792772, 28.462619], [76.9881219, 28.4676144], [76.9887947, 28.4679944], [76.9898798, 28.4686072], [76.9808303, 28.4755644], [76.9798971, 28.4747665], [76.9717224, 28.4678764]]]}"
"sector 102, Gurugram, Haryana, India",28.4678764,28.4860356,76.9607315,76.9808303,"{'type': 'Polygon', 'coordinates': [[[76.9607315, 28.4705733], [76.9649987, 28.4703475], [76.9684729, 28.4703766], [76.9687397, 28.4702945], [76.9689955, 28.4701492], [76.9709905, 28.4684865], [76.9717224, 28.4678764], [76.9798971, 28.4747665], [76.9808303, 28.4755644], [76.9748588, 28.4809606], [76.9692444, 28.4860356], [76.9665067, 28.4806004], [76.9654443, 28.4787172], [76.9642444, 28.4765902], [76.9607315, 28.4705733]]]}"
"sector 103, Gurugram, Haryana, India",28.4817885,28.5071706,76.9720448,76.9994099,"{'type': 'Polygon', 'coordinates': [[[76.9720448, 28.4914468], [76.9734664, 28.490094], [76.9745038, 28.4891069], [76.9777595, 28.4865896], [76.9832406, 28.4847617], [76.9877826, 28.4817885], [76.9994099, 28.4931639], [76.9958932, 28.49571], [76.9958867, 28.4995722], [76.993081, 28.5026631], [76.9897562, 28.5047863], [76.9854207, 28.5071706], [76.979788, 28.501845], [76.9762078, 28.4984432], [76.9720448, 28.4914468]]]}"
"sector 104, Gurugram, Haryana, India",28.4686072,28.4931639,76.9808303,77.0085706,"{'type': 'Polygon', 'coordinates': [[[76.9808303, 28.4755644], [76.9898798, 28.4686072], [76.9918743, 28.469506], [76.9950629, 28.4713895], [76.9972731, 28.4731437], [76.9997428, 28.4754929], [77.0085706, 28.4858551], [77.007736, 28.4865452], [77.0047802, 28.4881926], [76.9994099, 28.4931639], [76.9877826, 28.4817885], [76.9870632, 28.4811977], [76.9808303, 28.4755644]]]}"
"sector 105, Gurugram, Haryana, India",28.4858551,28.5013412,76.9994099,77.0165107,"{'type': 'Polygon', 'coordinates': [[[76.9994099, 28.4931639], [77.0047802, 28.4881926], [77.007736, 28.4865452], [77.0085706, 28.4858551], [77.0109259, 28.4886735], [77.0146077, 28.4930791], [77.0165107, 28.4953561], [77.0094096, 28.5005242], [77.008175, 28.5013412], [77.0073952, 28.5005469], [77.0054715, 28.4985554], [76.9994099, 28.4931639]]]}"
"sector 106, Gurugram, Haryana, India",28.4931639,28.5144465,76.9854207,77.0081750,"{'type': 'Polygon', 'coordinates': [[[76.9854207, 28.5071706], [76.9897562, 28.5047863], [76.993081, 28.5026631], [76.9958867, 28.4995722], [76.9958932, 28.49571], [76.9994099, 28.4931639], [77.0054715, 28.4985554], [77.0073952, 28.5005469], [77.008175, 28.5013412], [77.0049479, 28.5047628], [77.0036095, 28.50612], [76.998892, 28.5109554], [76.9979303, 28.5119471], [76.9954418, 28.5144465], [76.9923118, 28.5124632], [76.9910439, 28.5105074], [76.9872633, 28.5082695], [76.9860482, 28.5076491], [76.9854207, 28.5071706]], [[76.9948373, 28.5139829], [76.9954371, 28.5144223], [76.9979086, 28.5119564], [76.9968216, 28.5119795], [76.9948373, 28.5139829]]]}"
"sector 107, Gurugram, Haryana, India",28.4984432,28.5157991,76.9620491,76.9854207,"{'type': 'Polygon', 'coordinates': [[[76.9620491, 28.5115276], [76.9648243, 28.509661], [76.9762078, 28.4984432], [76.979788, 28.501845], [76.9854207, 28.5071706], [76.9805237, 28.5102258], [76.9797011, 28.510739], [76.975992, 28.512758], [76.9706359, 28.5157991], [76.9620491, 28.5115276]]]}"
"sector 108, Gurugram, Haryana, India",28.5071706,28.5212528,76.9706359,76.9991059,"{'type': 'Polygon', 'coordinates': [[[76.9706359, 28.5157991], [76.975992, 28.512758], [76.9797011, 28.510739], [76.9805237, 28.5102258], [76.9854207, 28.5071706], [76.9860482, 28.5076491], [76.9872633, 28.5082695], [76.9910439, 28.5105074], [76.9923118, 28.5124632], [76.9954418, 28.5144465], [76.9991059, 28.5178978], [76.9990202, 28.5184844], [76.9968081, 28.5197112], [76.9959691, 28.5180316], [76.9953859, 28.5171445], [76.9945276, 28.5176083], [76.9909463, 28.5135677], [76.983382, 28.5169891], [76.9832794, 28.5170355], [76.9812139, 28.5191174], [76.9802327, 28.5198029], [76.9783615, 28.5212528], [76.9760102, 28.5189385], [76.9706359, 28.5157991]]]}"
"sector 109, Gurugram, Haryana, India",28.5013412,28.5184844,76.9948373,77.0186166,"{'type': 'MultiPolygon', 'coordinates': [[[[76.9948373, 28.5139829], [76.9968216, 28.5119795], [76.9979086, 28.5119564], [76.9954371, 28.5144223], [76.9948373, 28.5139829]]], [[[76.9954418, 28.5144465], [76.9979303, 28.5119471], [76.998892, 28.5109554], [77.0036095, 28.50612], [77.0049479, 28.5047628], [77.008175, 28.5013412], [77.0122796, 28.5063038], [77.0156032, 28.5097268], [77.0165098, 28.5107002], [77.0186166, 28.5133462], [77.0165929, 28.5145574], [77.0139811, 28.5161177], [77.0125525, 28.5169683], [77.0116413, 28.5161518], [77.0108262, 28.5154209], [77.0105264, 28.5151521], [77.010493, 28.5151221], [77.0100507, 28.5147255], [77.0085304, 28.5151415], [77.0070407, 28.515549], [77.0067265, 28.515635], [77.0059192, 28.5158559], [77.0027227, 28.5172931], [76.9999924, 28.5179713], [76.9990202, 28.5184844], [76.9991059, 28.5178978], [76.9954418, 28.5144465]]]]}"
"sector 110, Gurugram, Haryana, India",28.4953561,28.5187849,77.0081750,77.0269322,"{'type': 'Polygon', 'coordinates': [[[77.008175, 28.5013412], [77.0094096, 28.5005242], [77.0165107, 28.4953561], [77.0181865, 28.4973408], [77.0246723, 28.5050072], [77.0251016, 28.5055276], [77.0269322, 28.5078503], [77.0266538, 28.5085899], [77.0256752, 28.5117855], [77.0255145, 28.5122734], [77.0254873, 28.5123811], [77.0254531, 28.5124925], [77.0254104, 28.5126143], [77.0253975, 28.5126548], [77.025258, 28.5130918], [77.0248151, 28.5145133], [77.0234394, 28.5187849], [77.0186166, 28.5133462], [77.0165098, 28.5107002], [77.0156032, 28.5097268], [77.0122796, 28.5063038], [77.008175, 28.5013412]]]}"
"sector 111, Gurugram, Haryana, India",28.5144708,28.5300656,77.0251671,77.0424046,"{'type': 'Polygon', 'coordinates': [[[77.0251671, 28.5206665], [77.0326049, 28.5144708], [77.0424046, 28.5256984], [77.0417144, 28.5260711], [77.0356349, 28.5292442], [77.0356102, 28.5292571], [77.034625, 28.529765], [77.0345078, 28.5298263], [77.0340512, 28.5300656], [77.0251671, 28.5206665]]]}"
"sector 112, Gurugram, Haryana, India",28.5133462,28.5348138,77.0105771,77.0234394,"{'type': 'Polygon', 'coordinates': [[[77.0105771, 28.5257745], [77.0109551, 28.5254602], [77.0146291, 28.5243485], [77.0169637, 28.5210774], [77.0144723, 28.518757], [77.012884, 28.5172777], [77.0125525, 28.5169683], [77.0139811, 28.5161177], [77.0165929, 28.5145574], [77.0186166, 28.5133462], [77.0234394, 28.5187849], [77.022514, 28.5217849], [77.021411, 28.5260523], [77.0212491, 28.5266786], [77.021116, 28.5271935], [77.0206217, 28.5286783], [77.0185792, 28.5348138], [77.0105771, 28.5257745]]]}"
"sector 113, Gurugram, Haryana, India",28.5187849,28.5362180,77.0185792,77.0340512,"{'type': 'Polygon', 'coordinates': [[[77.0185792, 28.5348138], [77.0206217, 28.5286783], [77.021116, 28.5271935], [77.0212491, 28.5266786], [77.021411, 28.5260523], [77.022514, 28.5217849], [77.0234394, 28.5187849], [77.0251671, 28.5206665], [77.0340512, 28.5300656], [77.0321199, 28.5310788], [77.0298669, 28.5316849], [77.0297824, 28.5317014], [77.0245904, 28.5327132], [77.0232547, 28.5335616], [77.0219253, 28.5347748], [77.0217025, 28.5349596], [77.0197006, 28.536218], [77.0185792, 28.5348138]]]}"
"sector 114, Gurugram, Haryana, India",28.5257745,28.5405156,77.0050158,77.0197006,"{'type': 'Polygon', 'coordinates': [[[77.0050158, 28.5289423], [77.0084757, 28.5270284], [77.0096001, 28.526641], [77.0105771, 28.5257745], [77.0185792, 28.5348138], [77.0197006, 28.536218], [77.0174236, 28.537688], [77.0162809, 28.5392112], [77.0140944, 28.5399982], [77.0134571, 28.5405156], [77.0128497, 28.5402697], [77.0132608, 28.5383874], [77.0050158, 28.5289423]]]}"
"sector 115, Gurugram, Haryana, India",28.5289423,28.5409048,77.0013356,77.0132608,"{'type': 'Polygon', 'coordinates': [[[77.0013356, 28.530984], [77.0016511, 28.5308084], [77.0050158, 28.5289423], [77.0132608, 28.5383874], [77.0128497, 28.5402697], [77.0122093, 28.5400104], [77.0101934, 28.5402687], [77.0096859, 28.539869], [77.007818, 28.5409048], [77.0069243, 28.5402159], [77.0054602, 28.5394958], [77.0045632, 28.5388005], [77.0042991, 28.5378845], [77.0016644, 28.5334918], [77.0013356, 28.530984]]]}"
"gwal pahari, Gurugram, Haryana, India",28.4275976,28.4376741,77.1416178,77.1554252,"{'type': 'Polygon', 'coordinates': [[[77.1416178, 28.4340453], [77.1421821, 28.4338463], [77.1426436, 28.4336878], [77.1425233, 28.4333585], [77.1439535, 28.4330162], [77.1438818, 28.4325842], [77.1438823, 28.4325623], [77.1439061, 28.4325491], [77.1440184, 28.4325378], [77.14413, 28.4329916], [77.1446048, 28.432877], [77.1445724, 28.4326677], [77.1452918, 28.4325735], [77.1453409, 28.4320267], [77.1454223, 28.4314739], [77.1454366, 28.4311399], [77.1453528, 28.4308127], [77.1455468, 28.4305849], [77.1451943, 28.4303349], [77.1449639, 28.43018], [77.1444234, 28.4298219], [77.1444748, 28.4298014], [77.147223, 28.4296767], [77.1484535, 28.4296174], [77.1484845, 28.4290621], [77.1490029, 28.4290416], [77.1490698, 28.4287409], [77.1491367, 28.4284401], [77.150468, 28.4283129], [77.151221, 28.4282325], [77.1519028, 28.4281705], [77.1530485, 28.4281017], [77.153032, 28.4279025], [77.1530244, 28.4278059], [77.1531581, 28.4277171], [77.153669, 28.4276203], [77.1537353, 28.4275976], [77.1537817, 28.4276302], [77.1538035, 28.4276741], [77.1538626, 28.4281067], [77.1539922, 28.4280817], [77.1552292, 28.4279987], [77.1554252, 28.4313658], [77.1546961, 28.43141], [77.1546939, 28.4313045], [77.1522618, 28.4314817], [77.1522668, 28.4320344], [77.1516975, 28.4321233], [77.1516704, 28.4322989], [77.1512847, 28.4326011], [77.1513335, 28.4328934], [77.1510987, 28.4329559], [77.1510688, 28.4328793], [77.1510371, 28.4328251], [77.1509786, 28.4328384], [77.1505797, 28.4331251], [77.1502476, 28.4333579], [77.1500878, 28.4334366], [77.1500095, 28.4334517], [77.1495242, 28.4337586], [77.1494586, 28.4337817], [77.1493624, 28.4337758], [77.1492182, 28.4337445], [77.1489695, 28.4336963], [77.1488858, 28.4336911], [77.1481881, 28.4336769], [77.1474349, 28.4337059], [77.1469302, 28.4337381], [77.1469384, 28.434], [77.1476161, 28.433937], [77.1483498, 28.4339281], [77.1487933, 28.4339643], [77.1490854, 28.4339922], [77.1492731, 28.4340072], [77.1494816, 28.4339902], [77.1496707, 28.4339574], [77.1498644, 28.4340091], [77.1501015, 28.4340263], [77.1503069, 28.4341077], [77.150416, 28.4342697], [77.1505304, 28.4344442], [77.149754, 28.4344846], [77.149747, 28.4351523], [77.1501385, 28.4355246], [77.1510305, 28.4349654], [77.1512232, 28.4350768], [77.151726, 28.4350086], [77.15229, 28.4349622], [77.1524251, 28.4370699], [77.1524412, 28.437564], [77.1518281, 28.4375871], [77.1504977, 28.437607], [77.1489035, 28.4376569], [77.1476006, 28.4376741], [77.1469421, 28.4376736], [77.1469203, 28.4373976], [77.1467638, 28.4374111], [77.1462461, 28.4374187], [77.1459331, 28.437469], [77.1456237, 28.4375154], [77.1450855, 28.4375283], [77.1447875, 28.4375015], [77.1446111, 28.437419], [77.1444825, 28.4373753], [77.1443107, 28.4373377], [77.1437186, 28.4372812], [77.1432786, 28.4372216], [77.1429045, 28.4371733], [77.1428233, 28.4371249], [77.1426018, 28.4369937], [77.142359, 28.4368423], [77.1421673, 28.4367043], [77.1422952, 28.4365812], [77.1424527, 28.4364296], [77.1418904, 28.4359125], [77.1418669, 28.4356851], [77.1417015, 28.4346909], [77.1416873, 28.4346314], [77.1416744, 28.4344986], [77.1416178, 28.4340453]]]}"
"manesar, Gurugram, Haryana, India",28.2344140,28.4155032,76.7824858,77.0162745,"{'type': 'Polygon', 'coordinates': [[[76.7824858, 28.2725013], [76.7840829, 28.2706771], [76.7859546, 28.2694243], [76.7855054, 28.2679737], [76.7889741, 28.2663472], [76.7876765, 28.2641493], [76.7890989, 28.2628085], [76.7913199, 28.2616435], [76.7924679, 28.2612479], [76.7936907, 28.261072], [76.7949883, 28.2597972], [76.7931666, 28.2568077], [76.7963497, 28.2549202], [76.7968271, 28.2551977], [76.7976276, 28.2555503], [76.7986627, 28.2555867], [76.8001118, 28.2548695], [76.8010916, 28.2537754], [76.8019611, 28.2532405], [76.8029686, 28.253277], [76.8037552, 28.2538605], [76.8043349, 28.2545899], [76.8050387, 28.2553801], [76.8058668, 28.2558907], [76.8076885, 28.2554166], [76.8088892, 28.2551491], [76.8105177, 28.2542617], [76.8114424, 28.2536417], [76.8120358, 28.252584], [76.811194, 28.2506632], [76.8106143, 28.2497758], [76.8100071, 28.2489248], [76.8092066, 28.2482075], [76.8084614, 28.2466027], [76.8100209, 28.2456179], [76.8114148, 28.244621], [76.8120082, 28.2439523], [76.8118288, 28.2430648], [76.8107247, 28.2418733], [76.8125464, 28.2406332], [76.8130709, 28.2408277], [76.8139127, 28.2416909], [76.8151134, 28.243077], [76.8162865, 28.2444873], [76.8175286, 28.2440374], [76.8181634, 28.2436727], [76.8186603, 28.2437335], [76.8195159, 28.2441833], [76.8204958, 28.2441833], [76.8213515, 28.244001], [76.8224969, 28.2439037], [76.8243463, 28.2443778], [76.8255608, 28.2442198], [76.8274377, 28.2433566], [76.8309431, 28.2421165], [76.8354837, 28.2404083], [76.8373606, 28.2398733], [76.8397896, 28.2391863], [76.841142, 28.2387851], [76.843601, 28.2382978], [76.8477186, 28.2393311], [76.8507257, 28.2381989], [76.8577349, 28.234414], [76.858649, 28.2366929], [76.8617434, 28.2428487], [76.8646881, 28.2462782], [76.8672834, 28.2481248], [76.8680321, 28.249048], [76.868394, 28.2514661], [76.8685188, 28.2534995], [76.8688432, 28.2544447], [76.8695669, 28.2543897], [76.8705152, 28.254082], [76.8712014, 28.2543018], [76.8716007, 28.2549173], [76.8718752, 28.2557306], [76.8723993, 28.2570715], [76.8729857, 28.2580277], [76.8746827, 28.2601049], [76.8763422, 28.2623469], [76.8784634, 28.2617095], [76.8795864, 28.2611929], [76.881221, 28.2605335], [76.8834295, 28.2591048], [76.8860123, 28.2571374], [76.8897057, 28.2545766], [76.8914651, 28.2536204], [76.8935613, 28.2520377], [76.8950087, 28.2518618], [76.8968554, 28.2519387], [76.8982404, 28.2519387], [76.8991013, 28.2522685], [76.8998999, 28.252873], [76.9005238, 28.2533896], [76.9039302, 28.2569836], [76.9051904, 28.2586212], [76.9067501, 28.2614677], [76.9081476, 28.2629404], [76.9094328, 28.2629294], [76.9107928, 28.2629404], [76.9116164, 28.2626546], [76.9125522, 28.2624458], [76.9132634, 28.2624238], [76.9138998, 28.2631931], [76.9152848, 28.2656659], [76.9155218, 28.2673473], [76.9153721, 28.2702925], [76.9160085, 28.2720617], [76.9169942, 28.2742375], [76.9180174, 28.2766551], [76.9180548, 28.2772594], [76.917381, 28.2779188], [76.9165325, 28.2788528], [76.9150976, 28.2804681], [76.9124399, 28.2833359], [76.9114167, 28.2843908], [76.9111048, 28.2849951], [76.9111921, 28.2858741], [76.9107554, 28.2864235], [76.9096574, 28.2874014], [76.9077608, 28.2893682], [76.9048785, 28.2904889], [76.9058018, 28.2926204], [76.9070745, 28.2947079], [76.9064382, 28.2957187], [76.9055647, 28.2963339], [76.9053152, 28.29707], [76.9052777, 28.2976853], [76.9048785, 28.2989157], [76.9048036, 28.2997946], [76.9049783, 28.3006186], [76.9055273, 28.3008713], [76.9065255, 28.3006955], [76.9073241, 28.300311], [76.9080602, 28.2997946], [76.9087839, 28.2993112], [76.9094702, 28.2988059], [76.9100567, 28.2984763], [76.9109925, 28.2991135], [76.9122278, 28.3003879], [76.9144238, 28.2997397], [76.9155468, 28.2992563], [76.9164452, 28.2993332], [76.9173436, 28.300278], [76.9176929, 28.3010251], [76.9198765, 28.3041561], [76.9261278, 28.3137902], [76.9311188, 28.3201173], [76.933215, 28.3242912], [76.9346125, 28.3223141], [76.9354111, 28.3205127], [76.9356606, 28.318228], [76.9371579, 28.318228], [76.9382061, 28.3178326], [76.9397533, 28.3167781], [76.9406267, 28.3157016], [76.9420991, 28.3169977], [76.944395, 28.3175909], [76.9457675, 28.3173273], [76.9473397, 28.3164046], [76.9479885, 28.3158773], [76.9488869, 28.3164705], [76.9495607, 28.3172614], [76.9501596, 28.316778], [76.9502095, 28.3161849], [76.9505589, 28.3150644], [76.9507585, 28.3132629], [76.9515571, 28.3126698], [76.9528049, 28.313197], [76.9532541, 28.3140538], [76.9535535, 28.3155038], [76.9536034, 28.316119], [76.9524555, 28.3171295], [76.952705, 28.3181181], [76.9536284, 28.3186234], [76.9546016, 28.3189529], [76.9551257, 28.3192825], [76.9553253, 28.3199635], [76.9554252, 28.3213255], [76.9558993, 28.3220065], [76.9573467, 28.3221383], [76.9583699, 28.3223141], [76.9590936, 28.3232587], [76.9600918, 28.3254774], [76.96109, 28.3269492], [76.9626122, 28.3263341], [76.9640846, 28.3256751], [76.9656069, 28.3259168], [76.9664803, 28.3262463], [76.9681024, 28.3265977], [76.9693002, 28.3266856], [76.9696247, 28.3260266], [76.9701986, 28.3256531], [76.9711719, 28.3256312], [76.9721202, 28.3261145], [76.9725195, 28.3269053], [76.9728688, 28.3280256], [76.9730435, 28.3289921], [76.9734178, 28.3298927], [76.9740916, 28.3300465], [76.9751897, 28.3300685], [76.9759633, 28.330332], [76.9769615, 28.3308373], [76.9773108, 28.3327483], [76.9776353, 28.3340223], [76.9785836, 28.3346154], [76.978883, 28.3334073], [76.9789329, 28.3320893], [76.9790827, 28.3309691], [76.9793572, 28.3297829], [76.9800559, 28.3291239], [76.9810042, 28.3298268], [76.9818776, 28.3305078], [76.9831504, 28.3308812], [76.9842733, 28.331035], [76.9857207, 28.3307933], [76.9867395, 28.3300396], [76.9876371, 28.3311409], [76.9884827, 28.33355], [76.9902405, 28.3369382], [76.9918426, 28.3388771], [76.9916869, 28.3440473], [76.9916869, 28.3466519], [76.9913086, 28.3488647], [76.9925102, 28.3526637], [76.9943125, 28.3526637], [76.9970049, 28.3527616], [76.9989408, 28.3527812], [77.0005206, 28.3529183], [77.0028347, 28.3525658], [77.0052601, 28.35237], [77.0069735, 28.3530553], [77.0100886, 28.3578332], [77.0109342, 28.3579115], [77.0112902, 28.3587927], [77.0121357, 28.359478], [77.0132705, 28.3601242], [77.0150284, 28.36032], [77.0152954, 28.3619843], [77.0142496, 28.36265], [77.0141383, 28.364843], [77.0144944, 28.3698161], [77.0152287, 28.3720089], [77.0162745, 28.3743192], [77.0124918, 28.3772362], [77.0101776, 28.3784696], [77.0114237, 28.380721], [77.0135376, 28.3841469], [77.0147391, 28.3855368], [77.0137156, 28.3864372], [77.011891, 28.3871224], [77.013048, 28.3898629], [77.0140716, 28.3922511], [77.0115572, 28.3942281], [77.0097104, 28.3948741], [77.0056829, 28.3957549], [77.0042811, 28.3944434], [77.0037693, 28.391977], [77.0018112, 28.3879837], [77.0015742, 28.3868373], [77.0013661, 28.3858304], [76.9995638, 28.3838141], [76.999497, 28.3828352], [76.999408, 28.3821109], [76.999141, 28.380995], [76.9973832, 28.3800749], [76.9949355, 28.3813278], [76.9917314, 28.3830506], [76.9877484, 28.3846754], [76.9838544, 28.3865743], [76.9804945, 28.388845], [76.9754435, 28.3922707], [76.9729291, 28.3942281], [76.9723951, 28.3935234], [76.970526, 28.39092], [76.9674553, 28.3916834], [76.9646961, 28.392897], [76.9620928, 28.3941498], [76.962827, 28.3955591], [76.9633833, 28.3969685], [76.9626268, 28.3996305], [76.9622708, 28.4042497], [76.9619815, 28.4060308], [76.96167, 28.4078705], [76.9561072, 28.409769], [76.9502551, 28.4119414], [76.9449816, 28.4140746], [76.9422002, 28.4155032], [76.9376609, 28.4101408], [76.9371491, 28.4089274], [76.9367264, 28.4070289], [76.9335222, 28.402723], [76.9319646, 28.4019597], [76.9294502, 28.4029383], [76.9273809, 28.3996109], [76.9300955, 28.3968706], [76.9337892, 28.3927796], [76.9357696, 28.3904502], [76.9314528, 28.3850865], [76.9275366, 28.3807014], [76.9259345, 28.3787437], [76.9222631, 28.3800749], [76.9190812, 28.3817977], [76.9171008, 28.3801924], [76.9134071, 28.375533], [76.9113155, 28.3727725], [76.9098247, 28.3713824], [76.9081781, 28.3720872], [76.9066872, 28.3704231], [76.9054412, 28.3696987], [76.9050629, 28.3683477], [76.9045956, 28.3677799], [76.9034831, 28.3670946], [76.9021702, 28.366194], [76.9008574, 28.3656262], [76.8997671, 28.3669772], [76.8987436, 28.3670555], [76.897809, 28.366703], [76.89683, 28.3656849], [76.898076, 28.364608], [76.89683, 28.3628263], [76.8964739, 28.3617102], [76.8960512, 28.3608486], [76.8958064, 28.3604179], [76.8945826, 28.3598696], [76.8928915, 28.3605549], [76.8890643, 28.3635311], [76.879741, 28.3703839], [76.8754465, 28.3727725], [76.869995, 28.377295], [76.8656338, 28.3804665], [76.8633864, 28.3780585], [76.8612725, 28.3762182], [76.8608497, 28.3755721], [76.8594034, 28.3749261], [76.8601377, 28.3736143], [76.8595147, 28.3729095], [76.8592699, 28.3717544], [76.8592032, 28.3712258], [76.8612725, 28.3700902], [76.8638314, 28.3685827], [76.8660565, 28.3684456], [76.8676586, 28.3677799], [76.8716861, 28.3670163], [76.874512, 28.3659003], [76.8796743, 28.3624347], [76.8834792, 28.3599088], [76.8852816, 28.3585969], [76.8858156, 28.3576178], [76.8856598, 28.3570304], [76.8854151, 28.3563255], [76.8856598, 28.3556989], [76.8857711, 28.3548569], [76.8855263, 28.3537407], [76.8852371, 28.352507], [76.8825447, 28.350588], [76.8804976, 28.3495109], [76.8792737, 28.3484339], [76.8767149, 28.3467302], [76.8760251, 28.3460448], [76.8777384, 28.3444977], [76.87894, 28.3433227], [76.8790512, 28.3417168], [76.8803196, 28.3400521], [76.8827004, 28.338172], [76.882744, 28.3381407], [76.8829518, 28.3379914], [76.8859714, 28.3358218], [76.8889308, 28.3335891], [76.8900211, 28.3325315], [76.8908666, 28.3312193], [76.888864, 28.3293194], [76.8904439, 28.3279288], [76.8921349, 28.3267732], [76.8927802, 28.3261855], [76.8929582, 28.3251279], [76.8931362, 28.3237176], [76.8914229, 28.3197609], [76.8894203, 28.3170381], [76.8874844, 28.3155885], [76.8861939, 28.3136688], [76.8860826, 28.3121996], [76.8858824, 28.3111418], [76.8848588, 28.3108871], [76.883546, 28.3115923], [76.8825224, 28.3118862], [76.8813431, 28.3125718], [76.880097, 28.3131203], [76.8790512, 28.3127089], [76.8786507, 28.3119449], [76.8779832, 28.3106912], [76.875313, 28.3077527], [76.8734662, 28.3056761], [76.8712411, 28.3059896], [76.8700395, 28.3066752], [76.8693275, 28.3063422], [76.8685709, 28.3053431], [76.8679034, 28.3044811], [76.8673248, 28.3038346], [76.8674806, 28.3032273], [76.8677921, 28.3026983], [76.8678144, 28.3021497], [76.8676809, 28.3008959], [76.8677254, 28.3000535], [76.8662568, 28.2994657], [76.8638092, 28.2960371], [76.8646547, 28.2955277], [76.8666351, 28.2941366], [76.8612725, 28.2892775], [76.8599374, 28.290022], [76.8586469, 28.289493], [76.8577783, 28.2890643], [76.8571783, 28.2887681], [76.8565915, 28.287934], [76.85591, 28.2869654], [76.8526613, 28.2827918], [76.8513262, 28.2807343], [76.8527948, 28.2794998], [76.8544414, 28.2772463], [76.8561325, 28.2759138], [76.856889, 28.2754043], [76.8583799, 28.2744245], [76.8565108, 28.2741109], [76.8549087, 28.2739541], [76.8537739, 28.2741109], [76.8536403, 28.2748752], [76.8532176, 28.275659], [76.8526613, 28.2762665], [76.8519938, 28.2765408], [76.8511705, 28.2766976], [76.8501024, 28.2766976], [76.8493236, 28.2762077], [76.8483446, 28.2755219], [76.8478328, 28.2753063], [76.8467647, 28.2756394], [76.8449846, 28.2758942], [76.8437163, 28.2752671], [76.8421365, 28.2719357], [76.8402229, 28.2719161], [76.8367072, 28.2730723], [76.8333472, 28.273719], [76.8310776, 28.2738366], [76.82952, 28.2738366], [76.828363, 28.273915], [76.8275174, 28.2742285], [76.8238237, 28.2759138], [76.8201523, 28.2778146], [76.8180829, 28.2786768], [76.8170594, 28.2796958], [76.8160803, 28.2804796], [76.8187282, 28.2828898], [76.8219546, 28.2869458], [76.8252255, 28.2922361], [76.8267164, 28.295175], [76.8246025, 28.2965269], [76.8220436, 28.2978592], [76.8210423, 28.2984077], [76.81924, 28.2989563], [76.8185502, 28.2980943], [76.8181052, 28.2977416], [76.8159272, 28.2985004], [76.8154017, 28.2977292], [76.8119578, 28.2903021], [76.8109347, 28.288632], [76.8126815, 28.2867202], [76.8121575, 28.2846545], [76.8131058, 28.2833579], [76.8139543, 28.2819734], [76.8127564, 28.2812482], [76.8066923, 28.2740397], [76.8038474, 28.2755562], [76.796261, 28.2783473], [76.7882504, 28.2806768], [76.7846818, 28.2783034], [76.784607, 28.2763034], [76.7835339, 28.2746551], [76.7824858, 28.2725013]]]}"
"sohna road, Gurugram, Haryana, India",28.3817944,28.3854605,77.0526743,77.0540435,"{'type': 'LineString', 'coordinates': [[77.0526743, 28.3854605], [77.0529479, 28.3849195], [77.0531787, 28.3844089], [77.0540435, 28.3817944]]}"
"dwarka expressway, Gurugram, Haryana, India",28.4667241,28.5306470,76.9711296,77.0343420,"{'type': 'LineString', 'coordinates': [[77.034342, 28.530647], [77.0335741, 28.5297737], [77.0296819, 28.5255082], [77.0289242, 28.5246493], [77.0277277, 28.5232932], [77.0261697, 28.5216284], [77.0230511, 28.5182401], [77.0198143, 28.5145749], [77.0163649, 28.5104174], [77.0137747, 28.5076087], [77.0136265, 28.507441], [77.0129183, 28.5067475], [77.012194, 28.5059664], [77.0120423, 28.5058033], [77.0115846, 28.50524], [77.0102444, 28.5036537], [77.010231, 28.5036377], [77.0098773, 28.5032147], [77.0089003, 28.502068], [77.0084911, 28.5015564], [77.0074306, 28.5003221], [77.0069391, 28.4998316], [77.0068939, 28.4997903], [77.006685, 28.4995986], [77.004916, 28.4979868], [76.9999469, 28.4935548], [76.9997085, 28.4933422], [76.9983946, 28.4920491], [76.9977792, 28.4914438], [76.9966744, 28.4903573], [76.9964383, 28.4901251], [76.9958452, 28.4895562], [76.9952616, 28.4889834], [76.9937379, 28.4874701], [76.9925315, 28.4863585], [76.9918827, 28.4857486], [76.9896187, 28.4835031], [76.9882452, 28.4821764], [76.9877218, 28.4816998], [76.9849997, 28.4792553], [76.9816743, 28.4762953], [76.9810604, 28.4757393], [76.9809557, 28.4756421], [76.9798971, 28.4747665], [76.9783528, 28.4734418], [76.9761447, 28.4715321], [76.9753243, 28.4707683], [76.9746041, 28.4700977], [76.9743071, 28.4698211], [76.9736218, 28.4691762], [76.9711296, 28.4667241]]}"
